year,region,wine,beer,vodka,champagne,brandy
1998,Corpus Christi,1.9,8.8,3.4,0.3,0.1
1998,Los Angeles,3.3,19.2,11.3,1.1,0.1
1998,Chicago,2.1,21.2,17.3,0.7,0.4
1998,Houston,4.3,10.6,11.7,0.4,0.3
1998,Phoenix,2.9,18,9.5,0.8,0.2
1998,San Antonio,1.8,17.5,10.7,0.9,0.2
1998,Philadelphia,3.4,23,10.8,0.9,0.1
1998,San Diego,3.4,32.4,9.7,0.5,0.1
1998,Dallas,1.1,8.8,15.8,0.9,0.1
1998,Austin,1.5,16.6,16.8,0.5,0.1
1998,San Jose,2.9,27.9,12.9,1.5,0.3
1998,Fort Worth,3.9,23.7,19.3,0.6,0.3
1998,Jacksonville,1.3,19,14.2,1.2,0.1
1998,Charlotte,4.8,3.8,2,0.5,0.3
1998,Columbus,2.3,11.6,11.5,0.5,0.2
1998,Indianapolis,0.9,8.6,5,0.2,0.1
1998,San Francisco,1.4,20.7,16.1,0.1,0.04
1998,Seattle,,,,,
1998,Denver,5.6,26.8,14.8,1,0.4
1998,Washington,1.6,9.9,6.5,0.3,0.3
1998,Boston,2.7,21.6,12.2,1.1,0.3
1998,El Paso,2.3,4.1,11.1,0.3,0.1
1998,Nashville,2.8,24.2,15.6,0.7,0.1
1998,Oklahoma City,6.4,25.5,25.1,0.8,0.4
1998,Las Vegas,1.7,5.4,8.6,0.1,0.04
1998,Portland,3.2,16.2,15.4,0.5,0.2
1998,Detroit,3.6,25.6,16.8,1.1,0.4
1998,Memphis,2,12.4,12.8,0.4,0.1
1998,Louisville,1.7,25.8,17.9,1.2,0.1
1998,Milwaukee,8.5,18.3,8.7,1,0.3
1998,Baltimore,3.7,25,14.1,0.9,0.3
1998,Albuquerque,,,,,
1998,Tucson,3.8,20.1,15.1,1.2,0.2
1998,Mesa,1.5,22.9,4.4,0.7,0.1
1998,Fresno,2.3,15,13.9,0.5,0.2
1998,Atlanta,2.6,29.6,15.3,1.4,0.2
1998,Sacramento,6.2,33.8,23.1,2.1,0.3
1998,Kansas City,3.6,28.4,13.5,0.7,0.2
1998,Colorado Springs,1.2,20.5,10.8,0.9,0.1
1998,Raleigh,6.8,30,18.9,3.5,0.7
1998,Miami,2.2,11.9,15.2,1.1,0.2
1998,Omaha,4.8,21.4,16.6,1.7,0.6
1998,Long Beach,4.3,10.6,11.7,0.4,0.3
1998,Virginia Beach,3.4,14.8,9.6,1,0.2
1998,Oakland,4.1,32.7,16.5,1.6,0.2
1998,Minneapolis,2,22,16.4,0.9,0.1
1998,Tampa,6.2,42.1,12.8,1,0.6
1998,Tulsa,1.7,19,9.1,1.2,0.2
1998,Arlington,3.1,14.7,11.8,0.8,0.4
1998,Aurora,1.9,18.5,5.8,0.2,0.1
1998,Wichita,3.2,19,16.7,0.9,0.2
1998,Bakersfield,0.6,14.9,6.3,0.8,0.1
1998,New Orleans,1.8,7.2,8.7,0.3,0.04
1998,Cleveland,3.4,7.6,9,0.5,0.1
1998,Henderson,5.7,30.3,21.1,1.9,0.6
1998,Anaheim,1.9,7.4,11.1,0.3,0.1
1998,Honolulu,5.3,20.1,9.7,1.3,0.1
1998,Riverside,1.6,28.4,14.8,1.5,0.1
1998,Santa Ana,2.8,23.1,11.2,1.8,0.2
1998,New York City,2.7,27.9,12.3,1.2,0.5
1998,Lexington,2.1,24.6,11.7,1.5,0.3
1998,San Juan,2.1,13.9,16.3,0.7,0.1
1998,Stockton,4.4,31.1,12.8,1.4,0.4
1998,St. Paul,,,,,
1998,Cincinnati,1.4,23.3,10.6,1.4,0.1
1998,Irvine,3.4,35.6,14,0.6,0.2
1998,Greensboro,8.8,17.2,11.8,1.6,0.4
1998,Pittsburgh,1.7,12.6,12.3,1.2,0.3
1998,Lincoln,1.4,28.2,18,0.4,0.1
1998,Durham,2.6,14.1,8.9,0.5,0.3
1998,Orlando,4.8,18.7,16.8,1.1,0.4
1998,St. Louis,2.3,23.8,11.5,0.4,0.1
1998,Chula Vista,3,23.8,11.5,0.8,0.3
1998,Plano,3.6,15.8,11.4,0.9,0.2
1998,Newark,1,34.8,9.7,0.3,0.2
1998,Anchorage,3.7,24.8,15.6,1.4,0.6
1998,Fort Wayne,1.6,38.3,6.8,0.9,0.1
1998,Chandler,3,23.8,11.5,0.8,0.3
1998,Reno,4.7,27.9,11.1,1.4,0.2
1998,North Las Vegas,,,,,
1998,Scottsdale,1.6,20.9,8.8,0.8,0.02
1998,St. Petersburg,0.3,1.8,4.6,0.6,0.1
1998,Laredo,1.7,16.7,18.9,1.4,0.2
1998,Gilbert,3,23.8,11.5,0.8,0.3
1998,Toledo,3.5,32.4,21.1,0.7,0.3
1999,Corpus Christi,2.3,11.2,4.3,0.3,0.1
1999,Los Angeles,2.2,24.7,11.5,1.1,0.1
1999,Chicago,2.9,26.7,16.2,0.7,0.2
1999,Houston,4.6,17.4,14.9,0.6,0.3
1999,Phoenix,3.8,18.6,10.2,0.5,0.1
1999,San Antonio,1.5,22.3,12,0.8,0.1
1999,Philadelphia,2.7,22.3,10.3,0.7,0.1
1999,San Diego,3.1,34.8,10.6,0.5,0.1
1999,Dallas,1.3,9.5,19.6,1.1,0.1
1999,Austin,1.8,21.4,16.1,0.5,0.1
1999,San Jose,3.5,36.5,9.2,2.1,0.2
1999,Fort Worth,2.5,24.8,17.4,0.4,0.1
1999,Jacksonville,2.1,24.4,11.7,1,0.1
1999,Charlotte,3.8,1.6,1,0.2,0.1
1999,Columbus,3.4,11.5,11.4,0.4,0.2
1999,Indianapolis,1.1,11.5,5.8,0.2,0.1
1999,San Francisco,1.6,28.4,15.1,0.1,0.04
1999,Seattle,,,,,
1999,Denver,5.6,29.1,14.7,0.9,0.4
1999,Washington,1.8,12.6,8.2,0.4,0.3
1999,Boston,3.1,27.6,15.3,1,0.7
1999,El Paso,2.7,5.2,14.1,0.6,0.1
1999,Nashville,2.8,26.5,17.7,0.9,0.1
1999,Oklahoma City,6.5,30.6,26.4,0.9,0.4
1999,Las Vegas,2.1,6.9,10.9,0.1,0.04
1999,Portland,2.4,21,15,0.3,0.1
1999,Detroit,2.5,26.1,17.4,0.5,0.2
1999,Memphis,1.5,13.1,13.6,0.3,0.1
1999,Louisville,1.8,27.7,17.3,1.1,0.1
1999,Milwaukee,6.8,39.6,8.2,1,0.3
1999,Baltimore,4,32.2,15.3,1.1,0.3
1999,Albuquerque,,,,,
1999,Tucson,3.8,25.2,14.4,0.9,0.2
1999,Mesa,1.3,30,4.8,0.3,0.1
1999,Fresno,3,25.6,16.5,0.9,0.2
1999,Atlanta,3.1,29.6,9.1,0.7,0.1
1999,Sacramento,4.8,18.7,23.2,1.7,0.1
1999,Kansas City,1.8,20.8,10.8,0.3,0.04
1999,Colorado Springs,1.4,15.2,11.2,0.2,0.1
1999,Raleigh,6.6,56,18.7,3.6,0.7
1999,Miami,2.3,15.8,15.8,1.1,0.3
1999,Omaha,4.5,27.1,17.8,1.6,0.6
1999,Long Beach,4.6,17.4,14.9,0.6,0.3
1999,Virginia Beach,3.8,25.4,10.6,1,0.2
1999,Oakland,4.9,48.8,17.6,0.9,0.3
1999,Minneapolis,2.5,28.1,20.5,1.4,0.2
1999,Tampa,7.5,36,16.6,1.1,0.5
1999,Tulsa,1.6,24.3,11.2,0.9,0.1
1999,Arlington,3.8,29.4,15,1,0.3
1999,Aurora,2,19.7,6,0.4,0.1
1999,Wichita,3.2,15.4,15.8,1.3,0.3
1999,Bakersfield,1.2,19.1,10.3,0.7,0.1
1999,New Orleans,6.1,18,7.9,0.3,0.04
1999,Cleveland,4.8,5.1,7.9,0.6,0.1
1999,Henderson,5.9,35.7,25.9,2.5,0.6
1999,Anaheim,1.8,11.8,10.9,0.3,0.4
1999,Honolulu,6.2,27.8,9.7,1.5,0.1
1999,Riverside,1.3,31.9,14.8,1.5,0.1
1999,Santa Ana,1.8,24.6,7.5,1.3,0.2
1999,New York City,2.6,57.4,13,1.7,0.6
1999,Lexington,1.7,19.3,7.3,1,0.1
1999,San Juan,1.6,19.4,21,0.4,0.1
1999,Stockton,3.7,38.3,13.2,0.9,0.3
1999,St. Paul,,,,,
1999,Cincinnati,1.7,24.1,11,1.5,0.1
1999,Irvine,3.4,53.8,16.4,0.5,0.1
1999,Greensboro,5.9,25.9,13.3,1.7,0.4
1999,Pittsburgh,1.5,20.6,8.9,1.1,0.2
1999,Lincoln,1.3,29.6,16.6,0.5,0.1
1999,Durham,2.4,24.2,17.7,0.7,0.2
1999,Orlando,4.6,22.1,16.2,0.8,0.3
1999,St. Louis,2.7,32.9,13,0.5,0.1
1999,Chula Vista,4.1,34.4,13.5,0.7,0.3
1999,Plano,2.3,16.7,13.9,0.6,0.2
1999,Newark,1.1,46.3,10.6,0.3,0.1
1999,Anchorage,4.6,30,16.4,1.1,0.4
1999,Fort Wayne,2.9,48.7,15.1,1.1,0.6
1999,Chandler,4.1,34.4,13.5,0.7,0.3
1999,Reno,4.5,32.5,14,0.9,0.1
1999,North Las Vegas,,,,,
1999,Scottsdale,2.8,25.5,10.8,0.4,0.02
1999,St. Petersburg,0.4,2.3,6.7,0.6,0.1
1999,Laredo,1.8,16.3,17.5,0.5,0.2
1999,Gilbert,4.1,34.4,13.5,0.7,0.3
1999,Toledo,3.6,39.6,21.1,0.8,0.2
2000,Corpus Christi,3.1,27.4,5.4,0.6,0.1
2000,Los Angeles,2.1,33.2,9.9,1.3,0.1
2000,Chicago,2.4,28.5,15.8,0.7,0.2
2000,Houston,5.5,29.3,19.2,0.9,0.5
2000,Phoenix,3.7,31,10,0.6,0.1
2000,San Antonio,1.4,33.1,12.2,0.2,0.2
2000,Philadelphia,3.6,20.7,10.1,0.9,0.1
2000,San Diego,3,36.4,7.6,0.4,0.1
2000,Dallas,1.6,17.1,16.6,0.6,0.03
2000,Austin,2.3,22.1,14.5,0.5,0.1
2000,San Jose,1.8,40.9,9,1.9,0.3
2000,Fort Worth,3.7,33.2,19.2,0.5,0.2
2000,Jacksonville,3.4,24.8,9.1,1.2,0.2
2000,Charlotte,3.8,1.8,1,0.2,0.1
2000,Columbus,4.8,13.4,12.2,0.5,0.1
2000,Indianapolis,1.9,16.4,7,0.3,0.1
2000,San Francisco,2.5,47.5,14.2,0.2,0.1
2000,Seattle,,,,,
2000,Denver,6,39.4,15.5,1.3,0.5
2000,Washington,2.5,17.3,10.5,0.6,0.4
2000,Boston,3.2,38.4,15.8,1.3,0.8
2000,El Paso,3.2,9.1,14.2,0.9,0.1
2000,Nashville,2.2,30.4,9,0.6,0.2
2000,Oklahoma City,7.1,32.7,26.6,0.8,0.4
2000,Las Vegas,2.2,7.4,12.9,0.2,0.1
2000,Portland,2.8,24.9,17.2,0.4,0.2
2000,Detroit,2.3,26.6,17.3,0.6,0.2
2000,Memphis,1.8,15.5,12.8,0.3,0.1
2000,Louisville,1.3,24,15.2,0.3,0.1
2000,Milwaukee,7,42.6,8.7,1.4,0.3
2000,Baltimore,4.7,40.5,14.9,1.6,0.3
2000,Albuquerque,,,,,
2000,Tucson,2.9,26.6,13,0.6,0.1
2000,Mesa,1.6,33,6.1,0.5,0.1
2000,Fresno,3.8,37.7,14.7,1.3,0.3
2000,Atlanta,2.3,31.9,9.3,0.7,0.2
2000,Sacramento,4.3,24.6,23.9,1.8,0.2
2000,Kansas City,1.8,21,8.3,0.3,0.1
2000,Colorado Springs,1.4,15.9,10.9,0.3,0.1
2000,Raleigh,6.3,61.8,18.8,3.9,0.6
2000,Miami,3.1,22.6,17.2,0.6,0.3
2000,Omaha,4.4,29.9,18.8,1.7,0.6
2000,Long Beach,5.5,29.3,19.2,0.9,0.5
2000,Virginia Beach,3.9,27.3,9.7,1,0.1
2000,Oakland,4.6,39.8,12.8,0.4,0.2
2000,Minneapolis,2.6,37.3,20.7,1.6,0.2
2000,Tampa,4.6,41.5,10.3,0.6,0.3
2000,Tulsa,1.6,31.5,9.5,0.7,0.1
2000,Arlington,3.2,31.1,14.8,1.2,0.4
2000,Aurora,1.8,27,6.4,0.3,0.1
2000,Wichita,4.1,30.7,20,1.3,0.3
2000,Bakersfield,1.8,25.1,15,0.6,0.2
2000,New Orleans,7.1,22,12.9,0.5,0.1
2000,Cleveland,5.4,12.1,9.8,0.7,0.1
2000,Henderson,4.6,35.1,27.4,1.9,0.4
2000,Anaheim,1.6,24.4,11.3,0.1,0.4
2000,Honolulu,5.5,30,7.9,2.2,0.2
2000,Riverside,2.1,32.2,13.3,1.2,0.1
2000,Santa Ana,2.1,29.4,7.6,1.5,0.2
2000,New York City,4.4,68.2,14.7,2,0.9
2000,Lexington,2,22.1,7.4,1.3,0.2
2000,San Juan,2.6,21.8,18.8,0.5,0.1
2000,Stockton,4,42.5,13.6,1,0.4
2000,St. Paul,,,,,
2000,Cincinnati,2.6,19.9,9.8,1.3,0.1
2000,Irvine,4.9,55.3,21.2,0.8,0.2
2000,Greensboro,6.4,25.9,13.7,1.1,0.3
2000,Pittsburgh,2.1,22.5,11.6,1.1,0.2
2000,Lincoln,1.3,33.4,14.8,0.4,0.1
2000,Durham,4,33.7,17.1,0.7,0.3
2000,Orlando,5.3,32,14.8,0.8,0.1
2000,St. Louis,2.7,36.4,13.2,0.6,0.1
2000,Chula Vista,4.6,36.9,18,0.8,0.3
2000,Plano,1.5,20.1,13.4,0.3,0.1
2000,Newark,0.8,46.1,10.5,0.4,0.1
2000,Anchorage,4.2,31.9,15.3,0.7,0.4
2000,Fort Wayne,3,47.9,17,1.4,0.6
2000,Chandler,4.6,36.9,18,0.8,0.3
2000,Reno,4.3,46.3,15.7,1,0.2
2000,North Las Vegas,,,,,
2000,Scottsdale,2.9,29.8,9.6,0.5,0.1
2000,St. Petersburg,1,5.2,6.5,1.7,0.2
2000,Laredo,2.6,15.4,15.2,0.6,0.2
2000,Gilbert,4.6,36.9,18,0.8,0.3
2000,Toledo,3.5,57.1,18.3,1.5,0.3
2001,Corpus Christi,3.8,22,7.8,0.5,0.1
2001,Los Angeles,2.3,39.5,12,1.4,0.1
2001,Chicago,2.6,31.2,17.6,0.6,0.2
2001,Houston,7,47.6,23.5,1.2,0.9
2001,Phoenix,3.8,42.6,11.9,0.8,0.1
2001,San Antonio,1.2,34.9,10.9,0.3,0.1
2001,Philadelphia,3.4,23.2,9.5,0.8,0.1
2001,San Diego,2.7,41.6,8,0.4,0.1
2001,Dallas,1.7,11.7,18.7,0.6,0.1
2001,Austin,2.4,28.5,15.3,0.6,0.1
2001,San Jose,2.1,42.5,11.9,1.8,0.3
2001,Fort Worth,7.8,50.5,23,0.5,0.3
2001,Jacksonville,3.6,37.7,9.2,1.5,0.2
2001,Charlotte,4.6,3.3,1.8,0.4,0.1
2001,Columbus,5.1,17.8,12,0.4,0.1
2001,Indianapolis,3.5,23.8,8.6,0.4,0.1
2001,San Francisco,3.3,60.7,16.5,0.3,0.1
2001,Seattle,9.9,9.5,4,1.3,1.5
2001,Denver,7.1,38.9,11.9,1.4,0.5
2001,Washington,2.7,26.5,12.4,0.4,0.6
2001,Boston,1.7,44.5,13.3,1.1,0.7
2001,El Paso,3.4,13.9,15.4,1.3,0.1
2001,Nashville,2.5,34.1,12,0.6,0.1
2001,Oklahoma City,7.4,33.6,26.7,0.9,0.4
2001,Las Vegas,2.3,9.4,13.4,0.2,0.1
2001,Portland,5.1,28,15.9,0.4,0.2
2001,Detroit,2.1,28.6,18.8,0.6,0.2
2001,Memphis,2.8,20.4,14.1,0.4,0.1
2001,Louisville,3.5,25.4,17.2,0.6,0.2
2001,Milwaukee,6.6,48,8.9,1.4,0.3
2001,Baltimore,4.9,59.6,15.4,1.5,0.6
2001,Albuquerque,,,,,
2001,Tucson,2.9,34.2,12.2,0.6,0.2
2001,Mesa,1.7,44.5,7.4,0.5,0.1
2001,Fresno,5,59.7,17.5,1.8,0.4
2001,Atlanta,2.5,42.9,9.3,0.7,0.2
2001,Sacramento,4.7,28.3,23.6,1.4,0.2
2001,Kansas City,1.6,22.6,10.4,0.3,0.1
2001,Colorado Springs,1.4,23.5,11.8,0.3,0.1
2001,Raleigh,5,78.9,19.7,4.2,0.7
2001,Miami,3.2,23.7,16.8,0.3,0.3
2001,Omaha,4.6,34.7,19.7,1.8,0.6
2001,Long Beach,7,47.6,23.5,1.2,0.9
2001,Virginia Beach,4.8,34.7,9.8,0.9,0.2
2001,Oakland,4.6,34.7,12.6,0.4,0.2
2001,Minneapolis,2.7,48.4,20.6,1.3,0.3
2001,Tampa,4.6,55.5,12.3,0.6,0.3
2001,Tulsa,2.3,34.6,10.8,0.7,0.2
2001,Arlington,3.4,29.9,12,1.6,0.3
2001,Aurora,5.1,30.1,6.8,0.4,0.1
2001,Wichita,4.1,56.9,15.9,0.8,0.3
2001,Bakersfield,1.5,26.5,15.2,0.6,0.1
2001,New Orleans,9.6,33.5,13.3,0.5,0.1
2001,Cleveland,5.7,18.7,10.6,0.9,0.1
2001,Henderson,5.6,37.6,28.5,0.8,0.5
2001,Anaheim,1.6,25.7,9.8,0.1,0.1
2001,Honolulu,4.1,39.9,7.1,1.8,0.2
2001,Riverside,2.4,40.3,13.5,1.4,0.1
2001,Santa Ana,1.8,33.4,8.1,1,0.2
2001,New York City,6.2,101,15.5,2.4,0.8
2001,Lexington,3,21.7,7.6,1.2,0.2
2001,San Juan,4.3,29.7,20.3,0.9,0.2
2001,Stockton,4.4,44.6,13.7,0.9,0.4
2001,St. Paul,,,,,
2001,Cincinnati,5.6,15.7,8.9,1.2,0.1
2001,Irvine,6.6,71.3,23,1,0.2
2001,Greensboro,5.9,30.5,12.8,1.2,0.3
2001,Pittsburgh,2.5,22.8,14,1.5,0.3
2001,Lincoln,1.8,41.9,14.6,0.5,0.1
2001,Durham,5,35.4,18.4,1.4,0.1
2001,Orlando,5.6,36.3,16.5,0.9,0.2
2001,St. Louis,3.3,40.1,14.1,0.6,0.2
2001,Chula Vista,5.2,49,20.5,0.9,0.5
2001,Plano,2.1,27,14.1,0.3,0.1
2001,Newark,1.1,47.7,9.6,0.3,0.2
2001,Anchorage,4.3,38.4,21.2,0.5,0.3
2001,Fort Wayne,3.3,53.6,15.6,1.4,0.6
2001,Chandler,5.2,49,20.5,0.9,0.5
2001,Reno,4.4,45.2,16.2,1.2,0.2
2001,North Las Vegas,,,,,
2001,Scottsdale,3,32.2,10.6,0.5,0.1
2001,St. Petersburg,1.4,11,9.8,1.9,0.1
2001,Laredo,2.8,15.5,14.6,0.8,0.2
2001,Gilbert,5.2,49,20.5,0.9,0.5
2001,Toledo,4.3,71.1,18.6,1.6,0.4
2002,Corpus Christi,4.4,30.4,7.9,0.7,0.3
2002,Los Angeles,1.6,42.8,11.4,1.1,0.1
2002,Chicago,2.3,35.4,17.9,0.5,0.2
2002,Houston,8.1,76.1,29.5,1.5,1.2
2002,Phoenix,4.1,44,12,0.8,0.2
2002,San Antonio,1.7,38.1,10.4,0.2,0.1
2002,Philadelphia,3.3,23.2,9.4,0.9,0.1
2002,San Diego,3.3,38.9,8.5,0.4,0.1
2002,Dallas,2.3,21,19.9,0.6,0.1
2002,Austin,2.8,41.5,15.6,0.8,0.2
2002,San Jose,2.4,43.9,13.2,1.6,0.4
2002,Fort Worth,11.7,51.9,22.2,0.4,0.5
2002,Jacksonville,2.8,41.9,10.5,1.3,0.2
2002,Charlotte,2.7,9.6,4.9,0.6,0.2
2002,Columbus,4.1,26.8,7.6,0.4,0.1
2002,Indianapolis,4.7,31.3,10.9,0.5,0.1
2002,San Francisco,3.7,61.2,16.7,0.6,0.2
2002,Seattle,7.5,8.7,4.3,0.8,0.8
2002,Denver,8.1,47.8,10.8,1.1,0.4
2002,Washington,3.7,31.5,13.9,0.7,0.7
2002,Boston,2.4,64.5,17.3,1.3,0.9
2002,El Paso,4.1,20.9,15,1.5,0.1
2002,Nashville,2.6,50.6,12.2,0.8,0.2
2002,Oklahoma City,7.3,35.3,25.9,1.2,0.5
2002,Las Vegas,2.7,13.2,14.3,0.2,0.1
2002,Portland,9.3,33.6,12.4,0.4,0.2
2002,Detroit,3,30.8,20.2,0.9,0.3
2002,Memphis,4.5,27.3,14.9,0.5,0.1
2002,Louisville,3.2,27.1,16.9,0.5,0.1
2002,Milwaukee,7.9,50.1,7.9,1.3,0.5
2002,Baltimore,5.2,67.4,15.3,1.4,0.6
2002,Albuquerque,,,,,
2002,Tucson,2.7,37.9,11.7,0.5,0.1
2002,Mesa,1.8,53.8,6.7,0.5,0.1
2002,Fresno,7.1,65.3,20.4,2.3,0.6
2002,Atlanta,2.5,49.5,10,0.7,0.2
2002,Sacramento,4,33,18.9,1.4,0.2
2002,Kansas City,2.9,23.8,11.7,0.4,0.1
2002,Colorado Springs,2.5,22,10,0.3,0.1
2002,Raleigh,4.8,85.7,20.8,4,0.9
2002,Miami,3.6,29.4,16.9,0.7,0.4
2002,Omaha,5.3,40,20.9,1.9,0.6
2002,Long Beach,8.1,76.1,29.5,1.5,1.2
2002,Virginia Beach,5.2,39.8,10.6,1,0.2
2002,Oakland,5,37.1,13.1,0.5,0.2
2002,Minneapolis,3,47.7,19.9,1,0.3
2002,Tampa,4.9,84.2,13.9,0.6,0.3
2002,Tulsa,2.3,34.2,10.9,0.7,0.2
2002,Arlington,3.7,29.4,11.1,1.2,0.3
2002,Aurora,5.7,32.3,6.9,0.4,0.1
2002,Wichita,5.6,58.2,17.4,0.8,0.4
2002,Bakersfield,1.6,28.3,16,0.6,0.1
2002,New Orleans,10.3,46.3,10.8,0.6,0.1
2002,Cleveland,5.7,30.9,10.1,1,0.1
2002,Henderson,7.6,33.9,28.4,0.9,0.5
2002,Anaheim,2,23.3,13.5,0.2,0.1
2002,Honolulu,4,44.7,7,1.5,0.3
2002,Riverside,2.8,43.2,12.4,1.3,0.1
2002,Santa Ana,1.8,38.6,8,1.2,0.2
2002,New York City,6.3,104.6,17.2,2.6,0.9
2002,Lexington,3.2,28.1,9.2,0.9,0.2
2002,San Juan,5.3,37.5,24.5,1.6,0.5
2002,Stockton,6.1,52.1,15.4,1,0.5
2002,St. Paul,,,,,
2002,Cincinnati,1,14.9,8.5,1.2,0.1
2002,Irvine,8.7,96.2,25.4,1.4,0.2
2002,Greensboro,6,32.7,11.7,1.2,0.4
2002,Pittsburgh,2.5,27.9,13.9,1.4,0.3
2002,Lincoln,2.2,29.1,15.4,0.6,0.1
2002,Durham,6.1,40,21.2,1.2,0.2
2002,Orlando,7.9,36.5,16.5,0.9,0.3
2002,St. Louis,3.5,46.3,13.2,0.7,0.2
2002,Chula Vista,5.8,77,23.3,1,0.6
2002,Plano,2.7,29.4,13.7,0.4,0.1
2002,Newark,2.1,44.8,9.1,0.5,0.2
2002,Anchorage,4.5,31.8,17.1,0.7,0.3
2002,Fort Wayne,4.4,56.3,15.8,1.5,0.6
2002,Chandler,5.8,77,23.3,1,0.6
2002,Reno,4.1,55.7,16.8,1.1,0.5
2002,North Las Vegas,,,,,
2002,Scottsdale,3,31.7,11.1,0.5,0.2
2002,St. Petersburg,1.9,6.4,13.3,1.6,0.3
2002,Laredo,3.6,16.3,16.1,1.1,0.3
2002,Gilbert,5.8,77,23.3,1,0.6
2002,Toledo,4.5,90.1,20.3,1,0.3
2003,Corpus Christi,4.3,36.2,8,1,0.5
2003,Los Angeles,1.7,47.7,11.5,1.1,0.1
2003,Chicago,5.3,40.4,17.4,0.6,0.2
2003,Houston,9.2,109,31.9,1.7,1.3
2003,Phoenix,4.5,48.3,12.4,0.9,0.2
2003,San Antonio,1.5,25,8.3,0.3,0.2
2003,Philadelphia,2.7,25.8,9.7,0.9,0.1
2003,San Diego,4,33.9,8.7,0.5,0.1
2003,Dallas,4.2,32.8,13.9,0.4,0.1
2003,Austin,3.2,43.7,15.4,0.9,0.2
2003,San Jose,2.7,46.7,13.2,1.8,0.5
2003,Fort Worth,18.1,61.7,24.6,0.4,0.6
2003,Jacksonville,3.1,38.2,10.8,1.1,0.3
2003,Charlotte,2.9,9.7,8.7,1.2,0.2
2003,Columbus,5.1,39,6.4,0.5,0.2
2003,Indianapolis,5.9,38.1,12.4,0.6,0.1
2003,San Francisco,5.2,61.6,15.4,0.6,0.2
2003,Seattle,6,8.9,4.6,0.8,0.5
2003,Denver,7.4,51.5,10.2,1,0.3
2003,Washington,4.4,39.4,12.8,0.8,0.7
2003,Boston,11.3,80.8,20,1.4,1.1
2003,El Paso,4.3,24.4,15.4,1.4,0.1
2003,Nashville,3,71.2,9,0.9,0.3
2003,Oklahoma City,7.4,39.1,25.1,1.8,1.2
2003,Las Vegas,3.7,14.9,14.9,0.2,0.2
2003,Portland,13.5,31.1,14.2,0.6,0.2
2003,Detroit,4.2,36.9,20.1,1.1,0.3
2003,Memphis,7.2,33.4,13.5,0.6,0.1
2003,Louisville,4.2,28,16.5,0.5,0.1
2003,Milwaukee,8.7,53.3,7.9,1.4,0.4
2003,Baltimore,5.6,72.3,15.5,1.3,0.6
2003,Albuquerque,,,,,
2003,Tucson,3.5,42.6,9.2,0.4,0.1
2003,Mesa,3.3,67.8,7.5,1.1,0.3
2003,Fresno,8.1,66.3,18.5,2.2,0.6
2003,Atlanta,2.7,54.9,10.1,0.7,0.2
2003,Sacramento,4.8,43.2,18.4,1.8,0.4
2003,Kansas City,4.4,27.1,12.3,0.4,0.2
2003,Colorado Springs,3.5,25.9,9.4,0.3,0.1
2003,Raleigh,6.2,89.1,23,4.1,0.9
2003,Miami,4,29.6,20.5,0.8,0.4
2003,Omaha,6,41.3,21.3,2.1,0.7
2003,Long Beach,9.2,109,31.9,1.7,1.3
2003,Virginia Beach,5.8,44.8,11.1,1.1,0.2
2003,Oakland,5.5,34.2,13.2,0.4,0.2
2003,Minneapolis,3.5,61.5,20.4,1,0.3
2003,Tampa,3.9,97.3,14.6,0.5,0.3
2003,Tulsa,2.5,28.7,8.5,0.6,0.2
2003,Arlington,3.8,32.8,10.6,1.4,0.3
2003,Aurora,7.7,34.2,7.8,0.6,0.1
2003,Wichita,6.8,55.7,16.5,0.9,0.4
2003,Bakersfield,1.7,28.5,16.2,0.7,0.2
2003,New Orleans,13.5,52.9,10.9,0.6,0.1
2003,Cleveland,6.4,25.9,10.6,1,0.1
2003,Henderson,8.3,44.4,29.7,0.8,0.5
2003,Anaheim,2.1,25,14.7,0.2,0.1
2003,Honolulu,4.4,51.1,6.9,1.5,0.3
2003,Riverside,2.9,46.5,12.5,1.2,0.2
2003,Santa Ana,2.1,43.5,7.9,1.1,0.3
2003,New York City,6.6,105.6,14.3,2.8,1
2003,Lexington,3,41.3,8.3,0.8,0.2
2003,San Juan,5.2,38,23.2,1.4,0.7
2003,Stockton,7.2,56.9,15.2,1,0.5
2003,St. Paul,,,,,
2003,Cincinnati,0.2,14.5,7.6,1.1,0.1
2003,Irvine,8.8,92.3,25.6,1.5,0.3
2003,Greensboro,6.1,41.1,10,1.2,0.5
2003,Pittsburgh,2.4,36,14.5,1.2,0.3
2003,Lincoln,2.7,42.3,14.9,0.7,0.2
2003,Durham,6.8,41.8,19.3,1.7,0.2
2003,Orlando,7.8,43.3,17.4,1.5,0.4
2003,St. Louis,3.5,41.1,12.6,0.6,0.2
2003,Chula Vista,5,93.3,18.6,1.2,0.5
2003,Plano,3.8,34.2,12.9,0.3,0.1
2003,Newark,4.1,42.5,10.5,0.7,0.3
2003,Anchorage,3.8,47.4,15.2,0.7,0.4
2003,Fort Wayne,6.4,61.2,14.8,1.6,0.5
2003,Chandler,5,93.3,18.6,1.2,0.5
2003,Reno,4.7,65.1,16.4,1.2,0.7
2003,North Las Vegas,,,,,
2003,Scottsdale,3.6,33.8,12.5,0.5,0.2
2003,St. Petersburg,3.8,12.3,12.3,1.6,0.9
2003,Laredo,4.7,25,16,1.2,0.3
2003,Gilbert,5,93.3,18.6,1.2,0.5
2003,Toledo,3.8,62.3,18.6,0.5,0.1
2004,Corpus Christi,4.1,27.5,8.6,1,0.3
2004,Los Angeles,2,52.4,14.2,1.3,0.2
2004,Chicago,5.2,44.8,18.1,0.6,0.2
2004,Houston,7,51.8,18.5,1.3,0.5
2004,Phoenix,4.8,58,12.9,0.9,0.2
2004,San Antonio,1.2,35.4,9.2,0.3,0.2
2004,Philadelphia,3.1,35.1,10,1.1,0.1
2004,San Diego,5.7,32.5,8.6,0.5,0.1
2004,Dallas,6.3,35.7,12.2,0.4,0.1
2004,Austin,3.7,54,17.3,1,0.2
2004,San Jose,3.3,55.3,12.5,1.9,0.5
2004,Fort Worth,14.2,85.1,26.7,0.6,0.7
2004,Jacksonville,3.4,41.2,12.6,1.3,0.4
2004,Charlotte,2.8,6.6,9.5,1.5,0.3
2004,Columbus,4.4,51.1,7.4,0.3,0.2
2004,Indianapolis,15.7,190.4,40.6,3,1.8
2004,San Francisco,8,68.1,17.3,0.7,0.4
2004,Seattle,6.4,7.4,3.6,0.8,0.8
2004,Denver,5.5,54.7,22.7,1.5,0.7
2004,Washington,4,43.7,12.3,0.8,0.7
2004,Boston,12.7,84.2,20,1.4,1
2004,El Paso,4.3,24.4,15.3,1.4,0.2
2004,Nashville,4,86.7,11.4,1.3,0.3
2004,Oklahoma City,7.5,49.2,22.2,2,1.1
2004,Las Vegas,4.2,19.6,14.9,0.3,0.3
2004,Portland,16.9,33.2,14,0.7,0.5
2004,Detroit,3.7,68.6,21.2,1,0.3
2004,Memphis,9.6,43.6,12.8,0.7,0.1
2004,Louisville,5.9,32.7,18,0.5,0.1
2004,Milwaukee,8.8,58.3,8,1.1,0.3
2004,Baltimore,5.3,47.7,9.2,0.9,0.3
2004,Albuquerque,,,,,
2004,Tucson,4.5,43.5,8.3,0.4,0.1
2004,Mesa,6.5,90.9,7.2,0.8,0.3
2004,Fresno,10,68.5,20.4,3.7,0.7
2004,Atlanta,2.8,56.5,10.2,0.7,0.2
2004,Sacramento,5.9,39.4,16.8,1.9,0.5
2004,Kansas City,5.7,27.6,12,0.5,0.1
2004,Colorado Springs,3.6,32.6,9.8,0.4,0.1
2004,Raleigh,6.1,99.1,24,3.8,1
2004,Miami,5.7,30.5,21.8,0.8,0.8
2004,Omaha,6.2,45.8,21.7,2.2,0.7
2004,Long Beach,7,51.8,18.5,1.3,0.5
2004,Virginia Beach,6.2,51,11.9,1.2,0.2
2004,Oakland,5.9,35.4,13.7,0.5,0.2
2004,Minneapolis,2.9,77.5,11.5,0.3,0.2
2004,Tampa,4,26.6,8.9,0.7,0.3
2004,Tulsa,3,35.6,8.6,0.6,0.2
2004,Arlington,3.5,36.9,8.4,1.1,0.3
2004,Aurora,9.1,38.2,6.9,0.6,0.2
2004,Wichita,8.3,68.1,16,1.5,0.7
2004,Bakersfield,2.8,45.4,13.8,1.2,0.3
2004,New Orleans,17.5,67.9,10.2,0.7,0.2
2004,Cleveland,6.7,25.4,11.2,1.1,0.1
2004,Henderson,10.3,76.2,28.1,1.1,0.5
2004,Anaheim,2.1,25.8,15.2,0.2,0
2004,Honolulu,3.8,58.8,6.9,1.1,0.3
2004,Riverside,3.2,54.9,10,1.2,0.2
2004,Santa Ana,2,50.1,8.4,1.1,0.2
2004,New York City,4.7,103.9,13.9,2.5,0.8
2004,Lexington,3.2,50.3,8.8,0.9,0.1
2004,San Juan,5.1,36.3,20.3,1.5,0.8
2004,Stockton,7.7,75.9,15.9,1,0.6
2004,St. Paul,,,,,
2004,Cincinnati,2.3,15.8,5.3,0.7,0.1
2004,Irvine,7.9,84.5,24.5,1.5,0.3
2004,Greensboro,6.2,46.8,7.8,1.3,0.5
2004,Pittsburgh,1.9,49.4,15.4,1.2,0.3
2004,Lincoln,3.4,42.9,13.7,0.7,0.2
2004,Durham,8.4,51.7,20.4,2,0.3
2004,Orlando,7.2,47.9,13.4,0.7,0.1
2004,St. Louis,4.6,40.6,12.1,0.6,0.2
2004,Chula Vista,4.9,94.5,18.6,1,0.5
2004,Plano,5.4,36.4,12.4,0.4,0.2
2004,Newark,5.5,45.3,10.4,0.8,0.3
2004,Anchorage,4.3,53.4,14.6,0.9,0.4
2004,Fort Wayne,8.5,74.5,13.8,1.9,0.8
2004,Chandler,4.9,94.5,18.6,1,0.5
2004,Reno,6.1,81,17.5,1.3,0.8
2004,North Las Vegas,,,,,
2004,Scottsdale,4.4,39.7,10.9,0.5,0.2
2004,St. Petersburg,3.4,10.8,12.4,1.9,1.1
2004,Laredo,5.2,30.9,15,1.2,0.3
2004,Gilbert,4.9,94.5,18.6,1,0.5
2004,Toledo,3.9,63.6,18.9,0.4,0.1
2005,Corpus Christi,4.4,29.7,10.4,1.1,0.4
2005,Los Angeles,2,58.6,10,1.1,0.2
2005,Chicago,5.8,48.6,20.8,0.7,0.2
2005,Houston,7.6,45.6,17.6,1.3,0.6
2005,Phoenix,4.2,61.9,11,0.8,0.2
2005,San Antonio,2.2,43.1,10,0.6,0.2
2005,Philadelphia,2.9,43.6,11.1,1.2,0.1
2005,San Diego,6.1,33.6,8.6,0.6,0.2
2005,Dallas,5.2,31.4,13.5,0.4,0.1
2005,Austin,3.4,50.6,16.9,1.3,0.3
2005,San Jose,3.5,53.4,11.5,2,0.4
2005,Fort Worth,10.6,89.2,21.9,0.6,0.7
2005,Jacksonville,3.5,48,13.8,1.4,0.3
2005,Charlotte,2.4,10.4,10.8,1.5,0.3
2005,Columbus,3.7,59.1,7.1,0.4,0.1
2005,Indianapolis,16.3,202.1,31,3,1.2
2005,San Francisco,9,76.6,12.5,1,0.4
2005,Seattle,0.2,0.8,0.8,0.1,
2005,Denver,7,58.4,23,1.7,0.9
2005,Washington,3.3,31.7,10.4,1.1,0.6
2005,Boston,11,70.5,15.9,1.5,1
2005,El Paso,4.9,25.1,7.8,1.6,0.2
2005,Nashville,3.8,64.1,13.9,1.6,0.3
2005,Oklahoma City,8.6,50.5,22.8,2.1,1.4
2005,Las Vegas,4.6,20.9,5.3,0.4,0.4
2005,Portland,15,36.2,14.9,0.7,0.5
2005,Detroit,4.4,77.5,19.3,1.4,0.4
2005,Memphis,9.7,56.2,12.8,0.7,0.2
2005,Louisville,5.7,38.2,19.7,0.5,0.1
2005,Milwaukee,8.9,60.4,8.1,1.1,0.3
2005,Baltimore,4.8,59.6,9.8,1,0.3
2005,Albuquerque,,,,,
2005,Tucson,4.8,45.9,7.4,0.6,0.1
2005,Mesa,7.4,72.5,7.9,1.5,0.3
2005,Fresno,10.9,66.7,23.2,3.9,0.8
2005,Atlanta,3.1,57.1,10.5,0.8,0.2
2005,Sacramento,6.7,40.2,16.5,2,0.7
2005,Kansas City,5.4,28.2,12.1,0.5,0.1
2005,Colorado Springs,5.2,37,9.9,0.4,0.1
2005,Raleigh,6.4,108.5,24.2,3.7,1
2005,Miami,7.3,32.3,19.8,1.1,1.1
2005,Omaha,6.9,49.3,21.9,2.1,0.7
2005,Long Beach,7.6,45.6,17.6,1.3,0.6
2005,Virginia Beach,6.9,60.1,11.9,1.4,0.3
2005,Oakland,6.1,36.4,13.5,0.4,0.2
2005,Minneapolis,2.6,81.8,7.8,0.3,0.2
2005,Tampa,4,28.2,9.2,0.7,0.3
2005,Tulsa,3.2,39,9.2,0.7,0.3
2005,Arlington,4.1,39.7,8,1.3,0.3
2005,Aurora,10.2,54.3,7.7,1,0.2
2005,Wichita,8.2,70.1,12.1,0.9,0.4
2005,Bakersfield,5.2,53.7,15.9,1.6,0.6
2005,New Orleans,12.8,63,9.8,0.9,0.2
2005,Cleveland,6,27.1,11.7,1.2,0.1
2005,Henderson,9.6,70.7,26.7,1.2,0.6
2005,Anaheim,2.7,29,16.2,0.5,0.1
2005,Honolulu,3.8,58.7,6.7,1.3,0.4
2005,Riverside,4.2,57.6,9.3,1.2,0.2
2005,Santa Ana,3.5,51.1,10.2,0.9,0.3
2005,New York City,10.3,104.8,16.2,2.4,1.1
2005,Lexington,3.7,44.1,9.6,0.9,0.2
2005,San Juan,6.9,39.5,19.1,2.2,1
2005,Stockton,8.5,80.5,17.3,1,0.6
2005,St. Paul,,,,,
2005,Cincinnati,2.2,16,3.4,0.5,0.1
2005,Irvine,7.4,78.9,17.7,1.6,0.3
2005,Greensboro,6.8,60.6,8,1.5,0.5
2005,Pittsburgh,1.7,56.5,9.8,1.5,0.2
2005,Lincoln,3.7,46.2,13.2,0.9,0.2
2005,Durham,7.4,52.5,19.8,2.2,0.3
2005,Orlando,8,51.4,13.7,0.7,0.1
2005,St. Louis,4.6,41.8,11,0.7,0.2
2005,Chula Vista,4.2,101.1,18.9,0.7,0.5
2005,Plano,5.9,41.9,12.2,0.5,0.2
2005,Newark,5.2,32.6,11.2,0.8,0.3
2005,Anchorage,4.9,70.5,15.6,1,0.5
2005,Fort Wayne,12.2,73.6,16.5,2.3,0.8
2005,Chandler,4.2,101.1,18.9,0.7,0.5
2005,Reno,8,90.9,19.5,1.5,0.8
2005,North Las Vegas,,,,,
2005,Scottsdale,4.8,37.6,11.3,0.5,0.2
2005,St. Petersburg,4,9.1,11.1,1.6,0.7
2005,Laredo,5.8,34.4,14,1.3,0.4
2005,Gilbert,4.2,101.1,18.9,0.7,0.5
2005,Toledo,5.5,62.7,14.5,0.5,0.2
2006,Corpus Christi,3.8,32.4,8.1,0.7,0.3
2006,Los Angeles,2.2,50.2,9.7,1,0.2
2006,Chicago,5.9,54.8,19.3,0.8,0.3
2006,Houston,8.6,43.1,16.9,1.4,0.7
2006,Phoenix,3.9,59.8,9.6,0.7,0.2
2006,San Antonio,2.6,68.4,10.6,0.7,0.2
2006,Philadelphia,2.7,46.5,12.4,1.4,0.1
2006,San Diego,7.5,46.3,10.9,0.9,0.2
2006,Dallas,5.1,45.2,13,0.5,0.1
2006,Austin,4.4,51.4,15.3,1.3,0.3
2006,San Jose,3.3,60.3,9.5,1.9,0.4
2006,Fort Worth,7.7,85.2,17.5,0.8,0.6
2006,Jacksonville,3.7,62.3,11.1,1.4,0.4
2006,Charlotte,2.9,6.9,11.7,1.3,0.4
2006,Columbus,3.7,56.3,7.5,0.4,0.1
2006,Indianapolis,13.7,207.3,31.7,3.1,1.3
2006,San Francisco,10.7,99.9,11.1,1,0.4
2006,Seattle,0.3,0.9,1,0.1,
2006,Denver,7.2,68.4,23,1.5,1
2006,Washington,2.5,38.1,6.6,1.2,0.5
2006,Boston,11.6,82.4,16.9,1.4,1
2006,El Paso,4.9,34,7.8,1.6,0.2
2006,Nashville,5.9,96.6,11.3,3,0.4
2006,Oklahoma City,8,69.1,20.4,2.9,1.2
2006,Las Vegas,3,22.1,5.6,0.4,0.4
2006,Portland,14.7,40.9,15,0.8,0.5
2006,Detroit,4.3,87.8,19.7,1.3,0.4
2006,Memphis,9.5,66.8,12.9,0.9,0.2
2006,Louisville,5.6,32.4,16.9,0.6,0.2
2006,Milwaukee,8.3,59.3,7.2,1.1,0.5
2006,Baltimore,4.4,65.9,9.6,1,0.3
2006,Albuquerque,,,,,
2006,Tucson,5,56.9,6.9,0.6,0.2
2006,Mesa,5.4,81.4,7.2,1.3,0.3
2006,Fresno,9.6,79.3,19.4,2.2,0.9
2006,Atlanta,3.4,62.3,10.4,0.8,0.2
2006,Sacramento,6.6,42.4,16.3,2.5,0.7
2006,Kansas City,6.3,28.5,12.9,0.7,0.2
2006,Colorado Springs,5.5,46.1,10.3,0.4,0.1
2006,Raleigh,5.9,111,23.8,4.2,1.2
2006,Miami,6.5,38.7,21.2,1.5,1.3
2006,Omaha,8.3,51.2,19.3,2,0.8
2006,Long Beach,8.6,43.1,16.9,1.4,0.7
2006,Virginia Beach,7.7,65.8,14.1,1.7,0.3
2006,Oakland,6.4,41.6,15,0.4,0.2
2006,Minneapolis,2.7,84.9,7.3,0.3,0.2
2006,Tampa,3.7,30.4,7.1,0.6,0.3
2006,Tulsa,3.3,46.4,10.3,0.8,0.3
2006,Arlington,3.9,44.7,7.7,1.3,0.3
2006,Aurora,8.7,56.3,6.7,0.8,0.1
2006,Wichita,8.1,89.2,12.1,1.1,0.5
2006,Bakersfield,4.6,59.6,14.8,1.7,0.6
2006,New Orleans,11.8,71.6,10,0.9,0.2
2006,Cleveland,4,32.4,9.5,0.8,0.1
2006,Henderson,9.3,67.2,18.6,1.3,0.6
2006,Anaheim,1.8,49.2,11.6,0.3,0.1
2006,Honolulu,3.3,57.3,5.6,1.3,0.4
2006,Riverside,4,58.1,9.3,1.3,0.2
2006,Santa Ana,3.8,60.8,9.3,1.3,0.3
2006,New York City,7.6,125.3,16.4,2.4,1.4
2006,Lexington,4,57.8,8.8,0.8,0.2
2006,San Juan,6.2,54.5,17.1,1.9,1.1
2006,Stockton,8.8,96.1,19.7,0.9,0.6
2006,St. Paul,,,,,
2006,Cincinnati,2.5,17.5,3.8,0.7,0.1
2006,Irvine,7.4,66.2,17.8,1.8,0.3
2006,Greensboro,7.3,72,6.3,1.4,0.6
2006,Pittsburgh,2,57.9,9.7,1.3,0.2
2006,Lincoln,3.1,68.3,13.6,0.8,0.2
2006,Durham,6.4,64.6,18.1,2.4,0.4
2006,Orlando,6.3,61.2,13.4,0.6,0.1
2006,St. Louis,5,43.7,8.6,1.2,0.3
2006,Chula Vista,3,106.6,19.8,0.6,0.4
2006,Plano,6.8,51.3,13.4,0.6,0.2
2006,Newark,4.5,49.5,7.9,0.9,0.4
2006,Anchorage,4.3,85.7,14.4,1.4,0.6
2006,Fort Wayne,12.4,90.1,16.7,2.1,0.7
2006,Chandler,3,106.6,19.8,0.6,0.4
2006,Reno,8.2,103.9,16,1.5,0.9
2006,North Las Vegas,,,,,
2006,Scottsdale,4.6,46,14,0.9,0.2
2006,St. Petersburg,5.5,11,17,2.1,0.7
2006,Laredo,6.3,39.4,12.9,1.1,0.4
2006,Gilbert,3,106.6,19.8,0.6,0.4
2006,Toledo,5.7,66.8,14.7,0.6,0.3
2007,Corpus Christi,4.1,31.6,6.8,0.7,0.5
2007,Los Angeles,2.5,52.8,6.9,1.2,0.2
2007,Chicago,5.7,64.6,17.3,1,0.3
2007,Houston,10.1,40.3,15.6,1.6,0.8
2007,Phoenix,4.1,64,9.6,0.9,0.3
2007,San Antonio,3,68.7,11.1,0.9,0.2
2007,Philadelphia,4.5,55.6,11,1.6,0.2
2007,San Diego,7.5,60.4,9.6,1.1,0.2
2007,Dallas,6.2,39.4,14.2,0.5,0.1
2007,Austin,6.9,51.7,12.6,1.4,0.4
2007,San Jose,4.9,74.6,8.6,1.9,0.4
2007,Fort Worth,9.4,86.3,16.2,0.8,0.4
2007,Jacksonville,4.7,74.3,11.9,1.5,0.5
2007,Charlotte,2.4,5.9,12.2,1.2,0.3
2007,Columbus,4.4,52.3,9.1,0.9,0.4
2007,Indianapolis,6.7,61.9,13.5,0.8,0.2
2007,San Francisco,8.9,106.2,13.5,1.3,0.4
2007,Seattle,0.3,1,1,0.1,
2007,Denver,5.4,76.7,11.6,1.1,0.3
2007,Washington,2.9,24.3,5.1,1,0.4
2007,Boston,12.3,73.8,17.3,1.6,0.9
2007,El Paso,4.8,29.3,8.1,0.6,0.3
2007,Nashville,6.4,71.4,11.8,2.3,0.5
2007,Oklahoma City,7.8,69.6,18.6,3.3,1.5
2007,Las Vegas,2,23,5.1,0.4,0.4
2007,Portland,11.9,45.7,15.9,1.2,0.6
2007,Detroit,8.8,65.1,19.6,1.8,0.9
2007,Memphis,12.1,76,13.8,1.3,0.4
2007,Louisville,7,53.7,15.8,0.9,0.4
2007,Milwaukee,8.2,65.5,7.2,1.1,0.5
2007,Baltimore,5.9,84.3,12.5,1.6,0.5
2007,Albuquerque,,,,,
2007,Tucson,6.6,68,8,0.9,0.3
2007,Mesa,6.1,72.4,8,1.4,0.4
2007,Fresno,8.5,73,13.6,1.9,1.1
2007,Atlanta,6.9,72.5,10.5,1.1,0.3
2007,Sacramento,7.3,42,16.3,3.2,0.9
2007,Kansas City,7.9,28.8,12.7,1,0.2
2007,Colorado Springs,5.6,47.4,8.9,0.7,0.2
2007,Raleigh,7.3,101.4,22.9,4.8,1.5
2007,Miami,8.2,67.4,16.9,2.3,1.4
2007,Omaha,10.2,53,18.9,1.8,0.9
2007,Long Beach,10.1,40.3,15.6,1.6,0.8
2007,Virginia Beach,7.1,70,12,1.8,0.5
2007,Oakland,12.1,44,13.8,1.4,0.6
2007,Minneapolis,5.3,91.8,16.8,1.6,0.5
2007,Tampa,3,104.2,8.2,0.5,0.2
2007,Tulsa,3.7,52,9.2,0.8,0.4
2007,Arlington,4.6,45.9,7.8,1.4,0.3
2007,Aurora,10,55.2,7.6,0.9,0.2
2007,Wichita,8.8,91.4,13.3,1.2,0.6
2007,Bakersfield,4.9,66.8,13.5,1.9,0.7
2007,New Orleans,10.2,64.7,11.3,1.3,0.4
2007,Cleveland,4.8,39.4,10.5,0.7,0.3
2007,Henderson,11.2,88.3,15.6,1.8,0.7
2007,Anaheim,1.9,52.1,13.9,0.5,0.2
2007,Honolulu,4.2,60.8,5.3,1.4,0.4
2007,Riverside,5.7,60.6,9.5,1.2,0.3
2007,Santa Ana,5.8,63.4,9.5,1.4,0.5
2007,New York City,9.1,106.4,14,2.7,1.4
2007,Lexington,4.5,53.2,9,0.9,0.3
2007,San Juan,5.7,52.2,17.8,2.1,0.8
2007,Stockton,10.3,96.7,17.2,1.3,0.6
2007,St. Paul,,,,,
2007,Cincinnati,2.5,15.7,3.9,0.6,0.1
2007,Irvine,8.4,62.8,13.4,1.8,0.4
2007,Greensboro,6.8,66.1,6.6,1.4,0.6
2007,Pittsburgh,4.1,56.7,10.4,1,0.3
2007,Lincoln,3.4,72.6,14.5,1.2,0.3
2007,Durham,6.5,71.5,16.5,2.4,0.4
2007,Orlando,8.2,59.1,13.9,1.4,0.6
2007,St. Louis,5.4,43.6,8.6,1.6,0.4
2007,Chula Vista,6.6,95.4,15.2,1.8,1.1
2007,Plano,8,70.4,14.6,0.8,0.3
2007,Newark,5.3,52.8,8.1,1.1,0.4
2007,Anchorage,5,93.7,14.9,2.1,0.7
2007,Fort Wayne,10.7,73.1,15.3,1.2,1
2007,Chandler,6.6,95.4,15.2,1.8,1.1
2007,Reno,12,118.3,14.9,1.7,0.9
2007,North Las Vegas,,,,,
2007,Scottsdale,4.9,40.1,13.8,1.1,0.4
2007,St. Petersburg,6.3,12.7,17.4,2.4,0.8
2007,Laredo,6.9,43.4,13.1,1.6,0.5
2007,Gilbert,6.6,95.4,15.2,1.8,1.1
2007,Toledo,9.7,70.8,15.1,1.4,0.6
2008,Corpus Christi,5.6,30.9,6.4,1.8,0.9
2008,Los Angeles,3.5,53.4,8.2,1.3,0.3
2008,Chicago,6.5,71.1,13.8,1.2,0.5
2008,Houston,10.7,38.9,16.6,1.6,0.9
2008,Phoenix,5,67.5,9.1,0.9,0.4
2008,San Antonio,2.6,86.1,9.6,0.7,0.2
2008,Philadelphia,5.6,57.9,10.1,1.2,0.3
2008,San Diego,9.1,56.7,10.2,1.2,0.3
2008,Dallas,6.6,42.9,13.6,0.7,0.1
2008,Austin,8.6,52.6,11.7,1.3,0.6
2008,San Jose,5.9,91.8,7.3,1.5,0.5
2008,Fort Worth,10.1,89.5,17.5,1.1,0.6
2008,Jacksonville,5.5,78.3,12.9,1.4,0.6
2008,Charlotte,3.1,6.6,12.9,0.7,0.3
2008,Columbus,5.2,53.2,10,1,0.4
2008,Indianapolis,6.9,64.1,13.7,0.9,0.3
2008,San Francisco,11,104.5,11.7,1.3,0.4
2008,Seattle,,,,,
2008,Denver,6.5,84.1,12,1.5,0.5
2008,Washington,3.4,25.8,5.2,0.6,0.4
2008,Boston,9.3,67.2,14.7,2,1.7
2008,El Paso,4.5,24.9,7.5,0.4,0.4
2008,Nashville,7.7,64.6,10.8,1.9,0.7
2008,Oklahoma City,7.2,73.4,18.2,3.7,1.7
2008,Las Vegas,1.9,27.8,3.7,0.4,0.5
2008,Portland,14.3,50,17.4,1.4,0.8
2008,Detroit,9.3,68.5,17.6,1.6,0.7
2008,Memphis,13.1,84,14.5,1.4,0.5
2008,Louisville,7.1,62.3,13.2,0.9,0.4
2008,Milwaukee,8.7,67.4,7.4,1.3,0.6
2008,Baltimore,6.4,89.2,12.2,1.7,0.6
2008,Albuquerque,,,,,
2008,Tucson,9,81.1,9,1,0.4
2008,Mesa,6,69.1,7.7,1.2,0.4
2008,Fresno,9,73.2,15.1,2.3,1.5
2008,Atlanta,7.5,74.5,9,1.1,0.4
2008,Sacramento,8.1,34.2,17.1,3.6,1.1
2008,Kansas City,9.9,29.2,13.2,1,0.3
2008,Colorado Springs,5.7,50.4,9.7,0.8,0.2
2008,Raleigh,8.4,95.8,20.2,5,1.6
2008,Miami,7.8,86,15.1,2.4,1.6
2008,Omaha,10.6,54,17.7,2.7,1.3
2008,Long Beach,10.7,38.9,16.6,1.6,0.9
2008,Virginia Beach,6.3,62.8,12.2,1.8,0.6
2008,Oakland,14.5,54.6,14.4,1.8,0.8
2008,Minneapolis,5.4,90.4,13.6,1.8,0.6
2008,Tampa,4.8,126.3,8.7,1,0.3
2008,Tulsa,4.5,70.1,9.3,0.9,0.4
2008,Arlington,5.1,61.1,8.8,1.7,0.4
2008,Aurora,8.3,61.7,7.5,1,0.3
2008,Wichita,7.6,98.3,11.7,1.3,0.7
2008,Bakersfield,5.3,78.4,12.6,2.1,0.7
2008,New Orleans,9.5,68.8,13.1,1.8,0.7
2008,Cleveland,6,46.7,10.5,0.8,0.4
2008,Henderson,12.4,89.5,15.8,1.8,0.8
2008,Anaheim,2,58.8,15.3,0.6,0.3
2008,Honolulu,5,55,5.5,1.6,0.5
2008,Riverside,6.4,58,9.4,1.2,0.4
2008,Santa Ana,6.4,63.9,10.7,1.7,0.6
2008,New York City,10.4,125.9,12.5,3.6,2.1
2008,Lexington,6.1,32.7,8.6,1.5,0.6
2008,San Juan,8.1,64,19.2,3,1.5
2008,Stockton,10.1,97.7,16,1.5,0.9
2008,St. Paul,,,,,
2008,Cincinnati,1.9,12.3,3.4,0.4,0.1
2008,Irvine,9.3,60.7,14.1,2,0.6
2008,Greensboro,6.8,65.5,6,1.5,0.7
2008,Pittsburgh,4.8,59.9,9.7,1,0.3
2008,Lincoln,3.3,76.7,14.6,1.2,0.4
2008,Durham,10.6,72.2,15.7,2.5,1
2008,Orlando,8.6,67.8,13.6,1.4,0.7
2008,St. Louis,5.7,46.3,8.5,1.9,0.5
2008,Chula Vista,7.2,93.4,15,1.8,1.1
2008,Plano,9.1,77.2,14.6,1,0.4
2008,Newark,6.8,41.1,8,1.3,0.4
2008,Anchorage,6.5,99.6,16.8,2.9,1.1
2008,Fort Wayne,9.4,54.6,16.2,1.5,0.7
2008,Chandler,7.2,93.4,15,1.8,1.1
2008,Reno,12.4,129.4,15.3,1.7,0.6
2008,North Las Vegas,,,,,
2008,Scottsdale,5.6,39,15.3,1.2,0.5
2008,St. Petersburg,8.4,16.7,23.1,3.2,1.3
2008,Laredo,7.6,44.5,13.5,2,0.6
2008,Gilbert,7.2,93.4,15,1.8,1.1
2008,Toledo,10.4,71.1,13.9,1.3,0.7
2009,Corpus Christi,6.8,31.5,7.4,1.6,1.2
2009,Los Angeles,3.8,51.6,8.5,1.4,0.3
2009,Chicago,6.9,75.3,10.5,1.2,0.5
2009,Houston,11.3,38.7,15.9,2.1,1.1
2009,Phoenix,5.9,74,8.7,0.9,0.4
2009,San Antonio,2.4,80.8,9.1,1.5,0.2
2009,Philadelphia,4.2,44.9,9.3,0.9,0.3
2009,San Diego,10.5,55,10.5,1.4,0.3
2009,Dallas,7.3,47.7,14.3,0.7,0.2
2009,Austin,8.5,51.4,11.7,1.3,0.6
2009,San Jose,5.1,76.7,7.6,1.7,0.5
2009,Fort Worth,12.9,84.8,15.2,1.3,0.5
2009,Jacksonville,7.1,73.9,13,1.8,0.6
2009,Charlotte,3.8,6.3,13.2,0.7,0.3
2009,Columbus,5.5,58.4,10.7,1.1,0.4
2009,Indianapolis,6.5,66.8,13.8,1,0.4
2009,San Francisco,10.9,100.2,10.8,1.3,0.5
2009,Seattle,,,0.1,,
2009,Denver,6.3,92.2,11.4,1.3,0.4
2009,Washington,3.2,30.2,3.7,0.4,0.4
2009,Boston,7.6,62.7,10.5,1.9,1.6
2009,El Paso,4,26.8,6.9,0.3,0.4
2009,Nashville,7.4,50.1,10.2,1.5,0.8
2009,Oklahoma City,7.6,75,17.5,3.9,1.8
2009,Las Vegas,1.5,29.1,2.8,0.4,0.5
2009,Portland,13.6,52.4,16.4,1.4,1
2009,Detroit,9.2,62.5,13.9,1.3,0.7
2009,Memphis,13.4,77,14.2,1.4,0.5
2009,Louisville,7.5,60.8,12.4,1,0.4
2009,Milwaukee,7.8,58.2,6.4,1.4,0.6
2009,Baltimore,6.4,90,11.6,1.6,0.6
2009,Albuquerque,,,,,
2009,Tucson,9.1,84,9,0.9,0.3
2009,Mesa,6.4,70.1,8.4,1.2,0.4
2009,Fresno,10.8,74.7,18.8,2.4,1.9
2009,Atlanta,7.9,70.7,9.3,1.2,0.4
2009,Sacramento,8.8,41.5,20.8,3.8,1.2
2009,Kansas City,11.7,29.3,12.2,1,0.3
2009,Colorado Springs,6,51.2,9.9,0.9,0.2
2009,Raleigh,9.4,79.7,19.3,4.8,1.8
2009,Miami,7.5,100.6,13.5,2.3,1.4
2009,Omaha,10.1,50.3,15.3,2.9,1.4
2009,Long Beach,11.3,38.7,15.9,2.1,1.1
2009,Virginia Beach,6.7,58.9,11.8,1.8,0.6
2009,Oakland,14.8,49.1,14,1.8,0.8
2009,Minneapolis,5.2,78.8,11.2,1.7,0.6
2009,Tampa,5,116.7,7.8,1,0.3
2009,Tulsa,4.2,75.6,7.5,0.9,0.2
2009,Arlington,5.7,58.8,9.1,1.7,0.5
2009,Aurora,8.8,58.6,7.4,1.1,0.3
2009,Wichita,7.2,84.6,10.9,1.2,0.6
2009,Bakersfield,5.6,69.8,11.7,2.3,0.8
2009,New Orleans,10.3,62.3,13.5,1.7,0.7
2009,Cleveland,5.5,60.7,10.4,0.8,0.4
2009,Henderson,13.1,90.8,16.7,1.9,0.8
2009,Anaheim,2.9,64.3,15.2,0.6,0.3
2009,Honolulu,5,51,5.5,1.5,0.5
2009,Riverside,6.4,55.6,8.4,1.2,0.4
2009,Santa Ana,7,58,10.2,1.5,0.5
2009,New York City,7.7,143,9.4,2.4,1.3
2009,Lexington,5.8,42.7,8.5,1.4,0.7
2009,San Juan,7.7,51.4,19.2,3.5,1.4
2009,Stockton,8.9,95.8,14.9,1.4,0.8
2009,St. Paul,,,,,
2009,Cincinnati,1.5,11.7,3,0.4,0.2
2009,Irvine,10.2,57.4,13.5,1.7,0.6
2009,Greensboro,6.4,63.6,5,1.6,0.8
2009,Pittsburgh,5.4,64.1,10,1.2,0.3
2009,Lincoln,3,78.8,13.3,1.2,0.4
2009,Durham,8.9,67,15.3,2,0.9
2009,Orlando,6.8,58.6,12.7,1.1,0.7
2009,St. Louis,6.5,47.1,8.8,1.9,0.5
2009,Chula Vista,7.1,86.6,13.2,1.8,1.3
2009,Plano,10.9,78.6,13,1,0.4
2009,Newark,6.4,39.9,8.3,1.2,0.4
2009,Anchorage,6.2,94.7,15.5,2.9,0.9
2009,Fort Wayne,6.1,58.5,11.1,0.7,0.4
2009,Chandler,7.1,86.6,13.2,1.8,1.3
2009,Reno,12.7,120.8,15.2,1.8,0.6
2009,North Las Vegas,,,,,
2009,Scottsdale,4.9,38.7,14.4,1.2,0.5
2009,St. Petersburg,4.9,9.8,15.5,1.9,1.5
2009,Laredo,4.8,46.6,13.5,2,0.7
2009,Gilbert,7.1,86.6,13.2,1.8,1.3
2009,Toledo,10,71.5,13.6,1.6,0.7
2010,Corpus Christi,6.2,31.5,6.6,1.6,1
2010,Los Angeles,4.1,59,9.8,1.5,0.4
2010,Chicago,7.6,75.8,11.6,1.6,0.6
2010,Houston,12,40.2,16.2,2.6,1.2
2010,Phoenix,6.1,77.1,9.2,1,0.5
2010,San Antonio,2.2,79.6,8.7,0.5,0.2
2010,Philadelphia,3,35.6,6.5,0.9,0.4
2010,San Diego,9.7,53.2,10.8,1.6,0.4
2010,Dallas,7.8,43.5,14.4,0.8,0.3
2010,Austin,9,49,12,1.4,0.6
2010,San Jose,5,66.1,6.9,1.6,0.5
2010,Fort Worth,9.2,85.9,12.9,0.9,0.4
2010,Jacksonville,6.6,71.4,9.4,1.9,0.5
2010,Charlotte,3.3,3.1,10.2,0.4,0.3
2010,Columbus,5.5,59.1,12.1,1.2,0.4
2010,Indianapolis,6.4,65.3,13.4,1,0.4
2010,San Francisco,9.5,86.4,10.2,1.5,0.5
2010,Seattle,,,0.05,,
2010,Denver,6.5,85.4,11.4,1.3,0.5
2010,Washington,3.2,26.1,3.5,0.4,0.4
2010,Boston,8.6,57.6,15.6,2,1.9
2010,El Paso,2.8,24.3,5.5,0.3,0.4
2010,Nashville,8.9,53.7,11.2,1.6,0.8
2010,Oklahoma City,7.7,75.6,16.9,4.1,1.8
2010,Las Vegas,1.4,28.4,2.3,0.5,0.5
2010,Portland,12.9,55.1,17.6,1.6,1.2
2010,Detroit,9,67.1,13.6,1.3,0.6
2010,Memphis,11,77.4,15.2,1.8,0.5
2010,Louisville,8.5,56.1,12.8,1.2,0.5
2010,Milwaukee,6.7,55.2,6.2,1.5,0.6
2010,Baltimore,6.5,85.9,11.3,1.8,0.7
2010,Albuquerque,,,,,
2010,Tucson,8.4,82.4,8.5,0.9,0.4
2010,Mesa,6.6,69.4,8.4,1.3,0.4
2010,Fresno,10.5,77.3,17.8,2.3,2
2010,Atlanta,8.2,74.5,9.3,1.4,0.5
2010,Sacramento,7.9,55.5,18.1,4,1.5
2010,Kansas City,10.6,30.6,12.3,1,0.4
2010,Colorado Springs,6.3,55,10.5,1,0.3
2010,Raleigh,10.1,87.8,16.6,4.9,1.8
2010,Miami,8.3,100.6,13,2.7,1.4
2010,Omaha,10.3,51.4,12.7,3.3,1.5
2010,Long Beach,12,40.2,16.2,2.6,1.2
2010,Virginia Beach,7.9,51.8,11.5,1.8,0.7
2010,Oakland,14.8,49.6,14.7,1.9,0.9
2010,Minneapolis,5.4,70.9,10.7,1.8,0.7
2010,Tampa,5.6,118.8,6.9,1.2,0.4
2010,Tulsa,4.3,68.6,6.8,0.9,0.3
2010,Arlington,6.6,61.4,8.5,1.6,0.4
2010,Aurora,7.8,62.6,7.6,1.2,0.3
2010,Wichita,6.6,78.1,10.7,1.2,0.6
2010,Bakersfield,5.5,70.8,11.1,2.7,0.8
2010,New Orleans,13.6,58.1,15.1,2,0.9
2010,Cleveland,6.1,59.9,9.9,1.1,0.4
2010,Henderson,12.8,90.4,17.1,2.2,1
2010,Anaheim,5.1,77.7,15.2,0.6,0.4
2010,Honolulu,5.2,47.5,5.3,1.7,0.6
2010,Riverside,6.7,58.6,8.7,1.4,0.5
2010,Santa Ana,6.2,61.4,9.4,1.9,0.6
2010,New York City,8.4,113.2,9.5,3,1.2
2010,Lexington,5.7,47.6,8.6,1.6,0.6
2010,San Juan,8.8,59.5,18.8,3.8,1.5
2010,Stockton,10.7,91.4,14.1,1.7,0.9
2010,St. Paul,,,,,
2010,Cincinnati,1.7,14.3,3.2,0.4,0.3
2010,Irvine,10.7,54.2,13.4,2.3,0.7
2010,Greensboro,5.4,66.5,4.4,1.5,0.8
2010,Pittsburgh,5.4,71.2,8.1,1.3,0.4
2010,Lincoln,3.5,78.5,13.5,1.4,0.5
2010,Durham,9.4,65.5,14.8,2,0.8
2010,Orlando,7.6,51.1,12.4,1.5,0.7
2010,St. Louis,6.2,47.6,9.2,2.3,0.6
2010,Chula Vista,7.7,87.4,12.8,2,1.3
2010,Plano,10.9,80.4,12.1,0.9,0.5
2010,Newark,7,40,8.8,1.6,0.5
2010,Anchorage,6.5,101.4,16.5,3.1,1.1
2010,Fort Wayne,7.4,57.7,11.5,1.2,0.6
2010,Chandler,7.7,87.4,12.8,2,1.3
2010,Reno,9.8,108.9,11.9,1.7,0.6
2010,North Las Vegas,,,,,
2010,Scottsdale,5.7,39,14.8,1.2,0.5
2010,St. Petersburg,5.5,17.7,15.9,2.8,1.4
2010,Laredo,5.2,50.1,12.8,2,0.7
2010,Gilbert,7.7,87.4,12.8,2,1.3
2010,Toledo,11.3,76.3,12.2,2.1,0.8
2011,Corpus Christi,3.29,35.82,6.9,1.24,0.75
2011,Los Angeles,4.51,63.39,10.75,1.54,0.4
2011,Chicago,7.21,83.27,12.02,1.9,0.64
2011,Houston,12.23,41.6,16.64,2.59,1.24
2011,Phoenix,4.92,77.01,8.74,0.97,0.56
2011,San Antonio,3.04,63.87,10.97,0.85,0.28
2011,Philadelphia,3.6,35.87,7.25,1.18,0.56
2011,San Diego,9.96,49.13,10.56,1.69,0.43
2011,Dallas,7.31,39.05,13.58,0.77,0.24
2011,Austin,8.43,46.74,12.26,1.48,0.64
2011,San Jose,4.82,67.13,6.59,1.66,0.6
2011,Fort Worth,10.34,88.83,15.44,1.29,0.64
2011,Jacksonville,6.02,81.01,8.41,1.9,0.44
2011,Charlotte,3.27,2.74,7.88,0.38,0.37
2011,Columbus,5.06,59.83,12.17,1.31,0.5
2011,Indianapolis,6.52,66.83,13.81,1.07,0.45
2011,San Francisco,9.71,88.42,11.14,1.57,0.57
2011,Seattle,,,,,
2011,Denver,6.1,77.29,10.98,1.4,0.51
2011,Washington,2.66,23.28,3.08,0.55,0.39
2011,Boston,7.98,56.95,14.65,2.03,2.13
2011,El Paso,2.47,17.9,4.87,0.33,0.42
2011,Nashville,9.26,57.93,11.62,1.78,0.86
2011,Oklahoma City,7.59,77.77,16.83,4.2,1.76
2011,Las Vegas,1.36,29.53,2.17,0.47,0.46
2011,Portland,11.98,56.94,19.33,1.87,1.6
2011,Detroit,7.48,71.37,13.7,1.48,0.61
2011,Memphis,9.23,82.05,15.09,1.82,0.55
2011,Louisville,8.11,59.69,11.87,1.28,0.51
2011,Milwaukee,6.47,59.93,6.47,1.79,0.92
2011,Baltimore,6.22,79.04,10.98,1.73,0.75
2011,Albuquerque,,,,,
2011,Tucson,6.98,85.81,7.72,1.01,0.42
2011,Mesa,6.33,71.19,7.73,1.43,0.49
2011,Fresno,8.54,86.7,15.38,2.52,1.62
2011,Atlanta,6.48,77.72,8.85,1.32,0.45
2011,Sacramento,8.17,55.4,17.53,4.06,1.6
2011,Kansas City,8.57,32.79,12.48,1.05,0.42
2011,Colorado Springs,6.15,56.93,10.79,1.01,0.35
2011,Raleigh,9.85,91.28,16.92,5.14,1.8
2011,Miami,7.6,108.64,12.96,2.77,1.31
2011,Omaha,10.72,51.86,12.6,3.32,1.52
2011,Long Beach,10.53,33.24,21.69,5.56,1.75
2011,Virginia Beach,7.66,51.77,10.98,1.68,0.65
2011,Oakland,13.71,49.97,14.89,2.51,1.06
2011,Minneapolis,4.9,84.83,10.37,1.76,0.69
2011,Tampa,5.02,126.93,6.78,1.28,0.44
2011,Tulsa,4.5,66.58,6.38,1.1,0.3
2011,Arlington,6.8,62.18,8.11,1.66,0.47
2011,Aurora,7.37,87.37,7.89,1.22,0.39
2011,Wichita,6.07,79.01,10.1,1.24,0.64
2011,Bakersfield,6.03,72.22,10.91,2.72,0.82
2011,New Orleans,12.75,48.17,13.5,2.29,0.88
2011,Cleveland,5.71,61.96,10.19,1.16,0.52
2011,Henderson,10.75,94.74,17.83,2.25,1.09
2011,Anaheim,4.26,81.21,15.33,0.77,0.37
2011,Honolulu,4.61,48.69,5.27,1.6,0.6
2011,Riverside,7.96,65.73,8.32,1.41,0.5
2011,Santa Ana,5.97,61.93,9.5,2.38,0.7
2011,New York City,6.9,82.93,9.01,2.71,1.13
2011,Lexington,5.46,50.3,8.75,1.69,0.58
2011,San Juan,8.5,67.32,18.51,3.89,1.52
2011,Stockton,8.67,92.02,12.81,1.85,0.9
2011,St. Paul,,,,,
2011,Cincinnati,1.72,17.65,3.35,0.58,0.26
2011,Irvine,9.27,57.03,12.46,2.39,0.73
2011,Greensboro,5.97,65.12,5.14,2.01,0.94
2011,Pittsburgh,5.77,69.91,8.18,1.31,0.45
2011,Lincoln,3.71,83.81,13.19,1.36,0.49
2011,Durham,8.69,66.51,13.86,1.85,0.81
2011,Orlando,7.41,46.4,12.54,1.63,0.75
2011,St. Louis,6.34,51.53,9.55,2.46,0.5
2011,Chula Vista,7.3,86.65,12.09,2.1,1.29
2011,Plano,7.95,87.28,13.38,0.99,0.72
2011,Newark,7.41,54.9,8.49,1.54,0.53
2011,Anchorage,5.79,104.94,16.87,3.08,1.09
2011,Fort Wayne,6.11,68,12.16,1.17,0.76
2011,Chandler,6.69,73.66,12.43,2.29,1.66
2011,Reno,8.34,85.8,11.53,1.54,0.55
2011,North Las Vegas,,,,,
2011,Scottsdale,5.24,39.06,14.03,1.29,0.62
2011,St. Petersburg,5.23,16.91,14.74,2.9,1.58
2011,Laredo,5.87,55.04,11.97,2.07,0.65
2011,Gilbert,6.33,100.92,14.07,2.53,1.78
2011,Toledo,10.27,77.3,11.84,1.68,0.85
2012,Corpus Christi,3.1,34.5,5.6,1.3,0.7
2012,Los Angeles,4.8,70.4,11,1.5,0.4
2012,Chicago,5.8,75.8,13.3,1.9,0.6
2012,Houston,9.2,49.2,14.4,2.3,1.1
2012,Phoenix,4.7,79.7,9.5,1.1,0.7
2012,San Antonio,4,78.3,11.7,0.8,0.4
2012,Philadelphia,3.3,39.5,7,1.3,0.7
2012,San Diego,8.4,50.9,10,1.6,0.5
2012,Dallas,7.6,38.5,13.1,0.6,0.3
2012,Austin,8,46.6,11.9,1.5,0.7
2012,San Jose,4.5,71.6,5.9,1.7,0.5
2012,Fort Worth,9.8,108.6,14.9,1.3,0.8
2012,Jacksonville,7.5,83.3,8.5,2,0.6
2012,Charlotte,1.6,2.5,8,0.4,0.4
2012,Columbus,4.7,61.7,12.7,1.5,0.5
2012,Indianapolis,6.6,68,13.6,1.1,0.4
2012,San Francisco,9.2,92.8,11.9,1.7,0.6
2012,Seattle,,,,,
2012,Denver,6.3,71.7,10.8,1.5,0.6
2012,Washington,1.7,20.4,2.3,0.5,0.3
2012,Boston,8.6,61,14.8,1.7,2.3
2012,El Paso,2.7,15.9,4.9,0.4,0.5
2012,Nashville,9.3,64,11.9,2,0.9
2012,Oklahoma City,7.5,76,15.4,4.3,1.8
2012,Las Vegas,1.3,28.7,1.8,0.5,0.4
2012,Portland,10.6,58.2,18,1.7,1.4
2012,Detroit,5.9,75.3,14.2,1.6,0.7
2012,Memphis,8.1,81.4,15.1,1.7,0.6
2012,Louisville,7.7,79.6,12.3,1.3,0.5
2012,Milwaukee,5.7,63.1,5.8,1.7,0.9
2012,Baltimore,6.1,77.5,10.8,1.7,0.8
2012,Albuquerque,,,,,
2012,Tucson,5.8,82.5,7.5,1.1,0.4
2012,Mesa,5.6,60.7,7.7,1.5,0.6
2012,Fresno,7.4,81.3,14.4,2.1,1.5
2012,Atlanta,5.7,77.7,8.1,1.4,0.5
2012,Sacramento,8,59.9,24.3,4.9,2.1
2012,Kansas City,8.8,31.2,12.4,1.2,0.6
2012,Colorado Springs,6.1,58.7,10.8,1,0.4
2012,Raleigh,9.7,89.9,16.5,5,1.7
2012,Miami,7.4,101,11.3,2.6,1.5
2012,Omaha,10.8,52.6,13.1,3.4,1.7
2012,Long Beach,9.9,54.9,19,2.7,1.4
2012,Virginia Beach,7.3,53.5,10.5,1.8,0.7
2012,Oakland,13.1,50,14.7,2.6,1.1
2012,Minneapolis,5.4,89.7,9.7,1.9,0.8
2012,Tampa,5.1,125.2,7,1.4,0.5
2012,Tulsa,4.5,65.2,6.5,1.2,0.4
2012,Arlington,6.4,66.8,8,1.7,0.5
2012,Aurora,6,97.9,7.3,1,0.4
2012,Wichita,5.6,82.7,9.7,1.4,0.8
2012,Bakersfield,6.7,67.3,11.2,2.3,0.8
2012,New Orleans,9.5,43.1,12.1,1.8,0.9
2012,Cleveland,5.2,62.9,9.9,1,0.5
2012,Henderson,9.6,90,18.9,2.2,1.3
2012,Anaheim,3.8,95.8,12.1,0.8,0.4
2012,Honolulu,4,50.8,5.3,1.6,0.7
2012,Riverside,6.5,71.4,9.2,1.6,0.6
2012,Santa Ana,6.4,56,8.2,1.9,0.7
2012,New York City,8,77.2,8.6,2.8,1.3
2012,Lexington,5.5,54.1,8.8,1.4,0.6
2012,San Juan,8.1,67.2,17.1,3.8,1.4
2012,Stockton,7.6,90.8,11.6,1.9,0.9
2012,St. Paul,,,,,
2012,Cincinnati,1.4,21,2.8,0.6,0.3
2012,Irvine,8,58.3,13,2.2,1
2012,Greensboro,5.5,63.1,5.3,2.1,1
2012,Pittsburgh,6.6,78.8,8.5,1.2,0.5
2012,Lincoln,3.7,87.1,13.1,1.2,0.6
2012,Durham,9.8,64.6,13.8,1.7,1
2012,Orlando,7.9,42.4,12,1.5,0.8
2012,St. Louis,6.4,45.6,9.2,2.3,0.6
2012,Chula Vista,7.4,85.5,12,2,1.3
2012,Plano,8,96.1,13.1,1,0.6
2012,Newark,6.6,54.6,8.2,1.6,0.5
2012,Anchorage,6.2,98.2,17.8,3.6,1
2012,Fort Wayne,4.7,70.3,11.2,1,0.6
2012,Chandler,6.8,72.4,12.2,2.1,1.6
2012,Reno,7,77.2,11.8,2.1,0.6
2012,North Las Vegas,,,,,
2012,Scottsdale,5.2,41.6,13.9,1.2,0.6
2012,St. Petersburg,5.1,24,13.7,3,1.6
2012,Laredo,5.8,56,11.7,2.4,0.7
2012,Gilbert,6.3,99.9,14.1,2.5,1.8
2012,Toledo,9.7,73.4,12.7,1.9,1.1
2013,Corpus Christi,2.9,37,4.7,1.2,0.7
2013,Los Angeles,4.4,64.6,8.7,1.4,0.4
2013,Chicago,6.7,75.1,10.2,1.9,0.7
2013,Houston,9.2,49.2,14.4,2.3,1.1
2013,Phoenix,4.2,79.1,7.3,1,0.6
2013,San Antonio,4,90.3,10.8,0.8,0.6
2013,Philadelphia,3.1,45.7,6.6,1.3,0.6
2013,San Diego,7.5,42.4,7.8,1.6,0.5
2013,Dallas,4.3,40,10.5,0.7,0.3
2013,Austin,7.2,45.8,10.9,1.6,0.8
2013,San Jose,4.6,78.4,4.7,1.7,0.5
2013,Fort Worth,8.2,92,12.9,1.3,0.7
2013,Jacksonville,7,85.2,8,2.3,0.5
2013,Charlotte,1,2.1,4.8,0.3,0.3
2013,Columbus,4.5,65.1,10.1,1.7,0.5
2013,Indianapolis,6.4,64.5,12.7,1.1,0.4
2013,San Francisco,8.8,84.7,9.3,1.7,0.6
2013,Seattle,,,,,
2013,Denver,5.8,71.6,9.4,1.5,0.6
2013,Washington,0.8,17.8,1.6,0.3,0.2
2013,Boston,6.9,57.6,13.2,1.9,2.1
2013,El Paso,2.2,13.6,4.3,0.3,0.4
2013,Nashville,8.6,52.3,11.7,1.7,0.9
2013,Oklahoma City,6.7,76.3,15.1,4.1,1.8
2013,Las Vegas,1.1,28.1,1.2,0.4,0.3
2013,Portland,10.8,58.3,15.4,1.7,1.3
2013,Detroit,5.9,72.6,11.3,1.8,0.8
2013,Memphis,8.1,73.3,12.9,1.4,0.6
2013,Louisville,6.6,52.4,11.5,1.3,0.6
2013,Milwaukee,5.1,64.1,5,1.8,0.8
2013,Baltimore,5.4,73.9,9.4,1.7,0.8
2013,Albuquerque,,,,,
2013,Tucson,4.9,77.6,5.8,1.3,0.5
2013,Mesa,5.1,51.9,7.6,1.7,0.6
2013,Fresno,6.6,73.6,12.2,2,1.2
2013,Atlanta,5.2,72,7.1,1.2,0.5
2013,Sacramento,6.8,61.6,17.8,4.3,2.1
2013,Kansas City,8,28.6,10.6,1.1,0.6
2013,Colorado Springs,6.3,61.1,9.6,1.3,0.5
2013,Raleigh,8.8,92.5,16,5.1,1.7
2013,Miami,6.5,99,11.5,2.4,1.5
2013,Omaha,10.9,54.1,13.2,3.3,1.7
2013,Long Beach,8.4,57.2,14.9,2.6,1.3
2013,Virginia Beach,6,55.5,8.5,1.6,0.7
2013,Oakland,11.3,48.7,12.6,2.4,1.1
2013,Minneapolis,5.3,74.9,7.9,1.8,0.7
2013,Tampa,4.9,103,5,1.5,0.5
2013,Tulsa,4,63,5.7,1.1,0.3
2013,Arlington,5.9,73.2,6.7,1.7,0.5
2013,Aurora,6.3,128.5,6,1,0.4
2013,Wichita,5.2,74.2,8.7,1.3,0.8
2013,Bakersfield,5.9,67.5,11.4,2.3,0.9
2013,New Orleans,7.3,40.5,8,1,0.6
2013,Cleveland,4.2,59.5,9.1,1,0.4
2013,Henderson,9,81.2,16.3,2.4,1.3
2013,Anaheim,2.7,90,10.3,0.7,0.4
2013,Honolulu,4.5,52.6,4.6,1.5,0.6
2013,Riverside,5.6,66,7.5,1.6,0.6
2013,Santa Ana,5.7,55.4,6.9,1.9,0.7
2013,New York City,6.8,44.2,7.2,2.6,1
2013,Lexington,4.8,40.3,5.2,1.2,0.6
2013,San Juan,7.2,70.9,15,3.8,1.4
2013,Stockton,7.1,91.7,11.8,2,1
2013,St. Paul,,,,,
2013,Cincinnati,1.3,20.7,2.2,0.5,0.2
2013,Irvine,7.5,56.1,11.2,2.2,1
2013,Greensboro,4.5,60,4.5,1.9,0.9
2013,Pittsburgh,5.2,82.4,6.6,1.1,0.5
2013,Lincoln,3.8,79.9,10.7,1,0.6
2013,Durham,7.1,64.5,12.5,1.4,1
2013,Orlando,7.6,44.6,11.2,1.5,0.8
2013,St. Louis,4.8,46.6,7,1.5,0.6
2013,Chula Vista,6.7,83.5,11.5,2.1,1.3
2013,Plano,5.7,82.8,10.9,1,0.7
2013,Newark,5.3,55.2,7.4,1.7,0.5
2013,Anchorage,5.7,94.3,14.1,3.1,1
2013,Fort Wayne,3.3,68.6,7.1,0.9,0.5
2013,Chandler,6.1,71.5,11.8,2.2,1.6
2013,Reno,4.7,79.8,6.8,1.9,0.7
2013,North Las Vegas,,,,,
2013,Scottsdale,5.2,43.8,11.3,1.2,0.5
2013,St. Petersburg,4,27,13.4,2.3,1.5
2013,Laredo,4.7,55.5,10.7,2,0.7
2013,Gilbert,5.8,97.7,12.7,2.5,1.7
2013,Toledo,7.6,79.3,11.1,1.7,1
2014,Corpus Christi,3.7,28.7,4.1,1.5,0.7
2014,Los Angeles,4.1,52.5,5.5,1,0.3
2014,Chicago,6.1,64,8.3,1.8,0.6
2014,Houston,10.7,64.4,12.8,2,1
2014,Phoenix,5.1,62.9,5.8,1,0.7
2014,San Antonio,3.2,75.1,9.5,0.9,0.4
2014,Philadelphia,3,55.5,5.2,1.2,0.3
2014,San Diego,8.5,46.9,6.4,1.4,0.5
2014,Dallas,4.9,39.3,9,0.8,0.3
2014,Austin,9.6,51.4,7.9,1,0.7
2014,San Jose,5.5,72.7,3.6,1.6,0.5
2014,Fort Worth,10,63.7,11.1,1.2,0.6
2014,Jacksonville,5.8,63.9,4.9,1.6,0.6
2014,Charlotte,0.4,2.2,2.9,0.2,0.3
2014,Columbus,5.3,56.1,8.8,1.5,0.4
2014,Indianapolis,6.6,38.8,9.2,1.1,0.3
2014,San Francisco,8.2,71.6,7,1,0.6
2014,Seattle,,0.4,,,
2014,Denver,6.2,73.2,7.7,1.5,0.6
2014,Washington,0.5,17.1,0.6,0.3,0.1
2014,Boston,6.9,36.9,7.7,1.5,1.2
2014,El Paso,3.1,17.4,3.6,0.3,0.5
2014,Nashville,7.7,46.1,9,1.8,0.9
2014,Oklahoma City,6.4,76,13,4,1.7
2014,Las Vegas,1.2,28.1,0.9,0.4,0.2
2014,Portland,12.3,57.5,13.5,1.6,1.2
2014,Detroit,4.5,72.1,7.4,1.2,0.5
2014,Memphis,8.5,73.8,10.6,1.2,0.6
2014,Louisville,7.3,52,9,1.1,0.5
2014,Milwaukee,5.6,66.8,4.2,1.7,0.7
2014,Baltimore,4.8,61.3,6.7,1.6,0.8
2014,Albuquerque,3.7,16.2,3.9,0.8,1.1
2014,Tucson,5,70,4.2,1.3,0.4
2014,Mesa,5.7,44.8,4.3,1.6,0.5
2014,Fresno,9.2,49.7,10.6,2,1.3
2014,Atlanta,6.4,56.8,5,1.2,0.4
2014,Sacramento,7.7,63.5,16.5,4.3,2
2014,Kansas City,8.6,34.6,9.3,1.1,0.6
2014,Colorado Springs,8.2,55.9,7.4,0.7,0.4
2014,Raleigh,8.5,82.9,15.7,5.1,1.7
2014,Miami,8.2,97.7,10.1,2.4,1.3
2014,Omaha,8,56.3,11.3,2.7,1.7
2014,Long Beach,11.4,49.5,11.5,2.1,1
2014,Virginia Beach,7.8,56.3,7,1,0.7
2014,Oakland,12,53.7,10.5,2,1
2014,Minneapolis,6,67.5,6.5,1.9,0.6
2014,Tampa,4.9,79.7,4.3,1.5,0.5
2014,Tulsa,4,60.5,3.7,1.2,0.3
2014,Arlington,6.9,54.4,4.9,1.7,0.5
2014,Aurora,7.2,100.7,4.9,0.9,0.4
2014,Wichita,6.5,52.9,8.5,1.3,0.9
2014,Bakersfield,6.7,66.1,11.4,2.4,1.1
2014,New Orleans,12.1,47.5,8.4,1.9,0.7
2014,Cleveland,4.2,39,8.8,1.4,0.4
2014,Henderson,10.4,65,14.3,2,1.3
2014,Anaheim,2.1,84.6,4,0.7,0.3
2014,Honolulu,4.5,55,3.9,1.3,0.5
2014,Riverside,6.7,52.1,5.6,1.4,0.6
2014,Santa Ana,5.6,59.9,4.9,1.7,0.6
2014,New York City,8.2,41.8,7.7,2.9,1.3
2014,Lexington,5.1,37.8,3.4,1.5,0.5
2014,San Juan,8,76.7,13.4,3.8,1.3
2014,Stockton,7.3,73.7,8.4,1.8,0.9
2014,St. Paul,5.6,26,5.1,2.1,1.3
2014,Cincinnati,0.6,19.8,1.3,0.6,0.1
2014,Irvine,8.7,55.5,8.8,2.1,0.9
2014,Greensboro,4.8,59.3,3,1.4,0.6
2014,Pittsburgh,5.2,61.7,3.9,0.8,0.4
2014,Lincoln,4.2,70.9,9.3,0.8,0.6
2014,Durham,8.1,64.2,9.4,1.7,0.8
2014,Orlando,5.5,45.1,6.8,1.5,0.7
2014,St. Louis,5.3,47.8,5.6,1.3,0.6
2014,Chula Vista,5.2,77.9,9.9,2,1.2
2014,Plano,5.9,68.8,9.3,1,0.6
2014,Newark,6.4,47.6,4.9,1.2,0.5
2014,Anchorage,5.7,90.9,12,3,0.9
2014,Fort Wayne,4.1,82.2,4.6,1.2,0.6
2014,Chandler,4.4,69.9,10.9,1.8,1.4
2014,Reno,5.9,53.9,5.8,1.7,0.6
2014,North Las Vegas,,4.9,,,
2014,Scottsdale,6.5,40.2,9.4,0.7,0.5
2014,St. Petersburg,9.6,32.7,11.3,2.6,1.5
2014,Laredo,5.4,56.1,9.8,1.9,0.6
2014,Gilbert,5,86.2,10.2,2,1.5
2014,Toledo,9.9,60.9,9.8,1.5,1
2015,Corpus Christi,3.9,26,3.5,1.2,0.5
2015,Los Angeles,4.4,45.8,4.5,0.9,0.3
2015,Chicago,6,50.7,6.7,1.5,0.5
2015,Houston,9,49.1,11.8,1.8,0.9
2015,Phoenix,4.7,37.4,4.7,0.9,0.6
2015,San Antonio,3.3,42,5.7,0.8,0.4
2015,Philadelphia,2.7,53.4,4.6,1.1,0.3
2015,San Diego,8.3,39.5,5.7,1.2,0.5
2015,Dallas,5.2,38.3,7.9,0.7,0.3
2015,Austin,9.2,50.9,7.4,1,0.7
2015,San Jose,5.2,48.8,3.3,1.4,0.5
2015,Fort Worth,8.5,34.7,9.3,1.1,0.6
2015,Jacksonville,5.5,51.1,4.1,1.4,0.5
2015,Charlotte,0.4,2.1,1.9,0.3,0.3
2015,Columbus,5.4,59,8,1.6,0.4
2015,Indianapolis,6.6,31.9,7,0.9,0.3
2015,San Francisco,7.7,72.1,6.6,0.9,0.5
2015,Seattle,,0.5,,,
2015,Denver,6,66.9,6.8,1.4,0.5
2015,Washington,0.6,16.3,0.5,0.3,0.1
2015,Boston,8.6,36.1,7.2,1.4,1.1
2015,El Paso,2.7,19.6,3.4,0.3,0.4
2015,Nashville,7.6,45.6,7.6,1.6,0.9
2015,Oklahoma City,7,81.2,11.4,3.7,1.5
2015,Las Vegas,1.1,28.9,0.8,0.3,0.2
2015,Portland,11.7,53.8,12,1.5,1.1
2015,Detroit,4.9,72.4,6.8,1.2,0.5
2015,Memphis,7.5,72.9,9.7,1,0.5
2015,Louisville,7,39.1,8.2,1,0.5
2015,Milwaukee,5.6,63,3.8,1.7,0.7
2015,Baltimore,5.1,60.1,5.9,1.6,0.7
2015,Albuquerque,4,42.8,3.8,1.6,0.9
2015,Tucson,4.9,63.6,3.3,1.1,0.4
2015,Mesa,5.5,41.9,3.8,1.4,0.4
2015,Fresno,9.5,44.4,9.6,1.8,1.3
2015,Atlanta,6.2,40,4.5,1.1,0.4
2015,Sacramento,8.2,59.8,14.1,3.9,1.7
2015,Kansas City,8.5,32.4,8.8,0.8,0.6
2015,Colorado Springs,5.3,31.4,6.6,0.7,0.3
2015,Raleigh,7.5,79.5,13.3,4.5,1.5
2015,Miami,8.3,94.9,9.4,2.3,1.2
2015,Omaha,8.5,45.7,12.2,2.7,1.9
2015,Long Beach,12.8,56.9,12.5,2.6,1.1
2015,Virginia Beach,6.8,56.9,6.7,1.1,0.7
2015,Oakland,10.5,49.3,8.5,1.4,0.9
2015,Minneapolis,5.8,55.7,4.9,1.4,0.5
2015,Tampa,5,60.4,3.4,1.2,0.4
2015,Tulsa,4.5,42,3.2,1,0.3
2015,Arlington,7.2,49.4,4.4,1.5,0.5
2015,Aurora,6.2,65.6,4.3,0.7,0.3
2015,Wichita,5.8,47.3,6.9,0.9,0.8
2015,Bakersfield,6.2,71.5,7.7,2,0.8
2015,New Orleans,9.7,50.9,6.7,1.7,0.7
2015,Cleveland,4.3,40.3,7.7,1,0.3
2015,Henderson,9.5,64.7,13,1.7,1.1
2015,Anaheim,1.9,67,2.2,0.5,0.2
2015,Honolulu,4.4,55.3,3.8,1.2,0.5
2015,Riverside,6.4,41.5,5.1,1.2,0.5
2015,Santa Ana,5.7,60.6,4.5,1.3,0.6
2015,New York City,8.1,36.1,6.9,2.3,1.3
2015,Lexington,5,42.4,2.8,0.9,0.4
2015,San Juan,8.8,82.8,13,3.9,1.2
2015,Stockton,7.2,63.9,6.8,1.6,0.9
2015,St. Paul,5,15.2,4.1,2,0.9
2015,Cincinnati,0.5,19.2,0.6,0.5,0.1
2015,Irvine,8,51.8,7.1,1.7,0.8
2015,Greensboro,3.9,57.5,2.4,1.1,0.5
2015,Pittsburgh,4.9,58.1,3,0.8,0.3
2015,Lincoln,4.2,64,9.1,0.7,0.5
2015,Durham,7.7,68.6,8.2,1.5,0.7
2015,Orlando,5.1,46.2,4.5,1.4,0.6
2015,St. Louis,5.5,46.4,4.6,1.1,0.5
2015,Chula Vista,5.2,75.7,8.9,1.9,1.1
2015,Plano,5.5,60.3,9,0.9,0.6
2015,Newark,7.6,46.6,5.1,1.5,0.6
2015,Anchorage,6,68.3,11.1,2.8,0.8
2015,Fort Wayne,4.5,84.3,4.7,1.4,0.5
2015,Chandler,4.4,68.7,9.8,2,1.3
2015,Reno,4.8,43.6,4.4,1.4,0.5
2015,North Las Vegas,,2.2,,,
2015,Scottsdale,6.3,41.4,8.2,0.5,0.4
2015,St. Petersburg,4.7,31.5,11.2,2.6,1.3
2015,Laredo,5.1,56,8.9,1.7,0.6
2015,Gilbert,4.6,82.7,8.6,1.9,1.3
2015,Toledo,9.3,39,8.7,1.4,0.9
2016,Corpus Christi,3.6,27.3,3.6,1,0.5
2016,Los Angeles,4.8,37.3,4.5,0.7,0.3
2016,Chicago,6.2,46.9,6,1.3,0.5
2016,Houston,8.4,51.6,12.2,1.8,0.9
2016,Phoenix,4.5,38.3,4.5,0.9,0.6
2016,San Antonio,2.7,61.9,6.8,0.6,0.5
2016,Philadelphia,2.6,53.4,4.2,0.9,0.3
2016,San Diego,7,35,4.8,0.7,0.4
2016,Dallas,4.8,36.8,7.8,0.8,0.3
2016,Austin,8.8,50.9,7.5,1,0.7
2016,San Jose,5.5,39.8,3.3,1.2,0.5
2016,Fort Worth,8.6,37.3,9.9,1.2,0.6
2016,Jacksonville,5.5,43.4,4.3,1.3,0.6
2016,Charlotte,0.1,1,2.2,0.2,0.3
2016,Columbus,5.5,59.6,8.3,1.6,0.5
2016,Indianapolis,6.4,30.8,6.8,0.9,0.3
2016,San Francisco,8.2,55.4,7.8,1.1,0.5
2016,Seattle,,,,,
2016,Denver,6.1,61.3,6.8,1.3,0.5
2016,Washington,0.6,14.5,0.5,0.2,0.1
2016,Boston,8.6,38.2,6.2,1.4,1.1
2016,El Paso,2.6,20.3,3.3,0.3,0.4
2016,Nashville,7.5,45.1,7.6,1.5,0.9
2016,Oklahoma City,6.6,85.4,10.4,3.3,1.3
2016,Las Vegas,0.9,25.3,0.7,0.2,0.1
2016,Portland,11.5,51.7,12.2,1.4,1.2
2016,Detroit,4.9,60.4,7.6,1.2,0.5
2016,Memphis,7.3,70.4,9.7,1,0.5
2016,Louisville,7.2,49.4,8.5,1,0.5
2016,Milwaukee,5.3,63.5,3.8,1.5,0.6
2016,Baltimore,5.3,58.2,5.8,1.7,0.5
2016,Albuquerque,4.4,42.1,5.1,1.7,0.7
2016,Tucson,4.6,59.2,3,0.9,0.4
2016,Mesa,5.3,43.2,4,1.1,0.4
2016,Fresno,8.1,41,8.4,1.6,1.3
2016,Atlanta,6.2,39.7,4.6,1.1,0.4
2016,Sacramento,7.6,56.5,12.7,3.1,1.3
2016,Kansas City,8,38.2,9.5,0.8,0.7
2016,Colorado Springs,4.7,46.1,6.5,0.6,0.3
2016,Raleigh,6.6,69.2,12.1,4,1.1
2016,Miami,8.7,99.1,9.6,2.2,1.3
2016,Omaha,8.1,47.6,12.2,2.5,1.9
2016,Long Beach,11.7,59.6,11.5,2.6,1
2016,Virginia Beach,6.3,56.6,6.5,1.1,0.7
2016,Oakland,10.6,47.4,8.5,1.4,0.9
2016,Minneapolis,6.7,46.6,4.9,1.3,0.6
2016,Tampa,5,53.2,3.5,1.1,0.5
2016,Tulsa,4.5,42.4,3.3,1,0.3
2016,Arlington,6.4,44.2,4.1,1.2,0.5
2016,Aurora,5.9,51.1,4.4,0.6,0.3
2016,Wichita,5.5,51.5,7.1,0.9,0.7
2016,Bakersfield,6.8,72.4,8.6,2.2,0.8
2016,New Orleans,10.4,38.5,6.4,1.5,0.8
2016,Cleveland,4.5,42.2,6.6,1,0.3
2016,Henderson,9.6,63.4,12.5,1.6,1.2
2016,Anaheim,1.9,59.5,2.4,0.5,0.2
2016,Honolulu,4.2,55.4,3.8,1.1,0.5
2016,Riverside,6.3,41.1,4.9,1.2,0.6
2016,Santa Ana,6.2,59.9,4.3,1.2,0.6
2016,New York City,7.1,33.7,6.3,1.9,1.2
2016,Lexington,4.6,42.1,2.9,0.8,0.4
2016,San Juan,7.6,58.3,12.8,3.3,1.3
2016,Stockton,7.6,55.5,7.3,1.7,1
2016,St. Paul,5.4,22.9,7,1.8,1.1
2016,Cincinnati,0.5,17.3,0.4,0.4,0.1
2016,Irvine,7.9,48,6.8,1.6,0.8
2016,Greensboro,3.8,57.4,2.3,1.1,0.5
2016,Pittsburgh,4.8,58.2,3,0.8,0.4
2016,Lincoln,4.4,59.1,9,0.6,0.5
2016,Durham,7.8,63.6,7.9,1.6,0.7
2016,Orlando,5.1,43.4,4.5,1.4,0.6
2016,St. Louis,5.5,43.1,4.7,1,0.5
2016,Chula Vista,5.1,73.4,8.4,1.9,1.1
2016,Plano,5.5,58.1,8.6,0.9,0.6
2016,Newark,6.6,46.9,4.6,1.1,0.5
2016,Anchorage,7,73.7,11.2,2.6,0.9
2016,Fort Wayne,4.3,79.1,4.7,1.4,0.5
2016,Chandler,4.3,67.5,9.2,2,1.3
2016,Reno,5.3,42.6,5.1,1.2,0.6
2016,North Las Vegas,,1.2,,,
2016,Scottsdale,5,42.3,7.7,0.7,0.4
2016,St. Petersburg,3.9,34,11.6,1.8,1.1
2016,Laredo,4.3,56.1,8.2,1.8,0.5
2016,Gilbert,4.5,75.8,8.2,1.7,1.3
2016,Toledo,10.2,38,8.9,1.4,1
